ISO-10303-21;
HEADER;
FILE_DESCRIPTION((''),'2;1');
FILE_NAME('PTS647SX38SMTR2_LFS_B','2022-09-13T11:05:30',('Cube.hu'),(''),
'CREO PARAMETRIC BY PTC INC, 2019224','CREO PARAMETRIC BY PTC INC, 2019224','');
FILE_SCHEMA(('AUTOMOTIVE_DESIGN { 1 0 10303 214 1 1 1 1 }'));
ENDSEC;
DATA;
#40=CARTESIAN_POINT('',(0.E0,-1.95E0,1.95E0));
#41=DIRECTION('',(1.E0,0.E0,0.E0));
#42=DIRECTION('',(0.E0,0.E0,1.E0));
#43=AXIS2_PLACEMENT_3D('',#40,#41,#42);
#45=DIRECTION('',(0.E0,0.E0,1.E0));
#46=VECTOR('',#45,1.E0);
#47=CARTESIAN_POINT('',(0.E0,-1.25E0,1.25E0));
#48=LINE('',#47,#46);
#49=DIRECTION('',(-1.E0,0.E0,0.E0));
#50=VECTOR('',#49,2.6E0);
#51=CARTESIAN_POINT('',(2.6E0,-2.25E0,1.95E0));
#52=LINE('',#51,#50);
#53=DIRECTION('',(1.E0,0.E0,0.E0));
#54=VECTOR('',#53,2.6E0);
#55=CARTESIAN_POINT('',(0.E0,-1.95E0,2.25E0));
#56=LINE('',#55,#54);
#57=CARTESIAN_POINT('',(2.6E0,1.95E0,1.95E0));
#58=DIRECTION('',(-1.E0,0.E0,0.E0));
#59=DIRECTION('',(0.E0,0.E0,1.E0));
#60=AXIS2_PLACEMENT_3D('',#57,#58,#59);
#62=CARTESIAN_POINT('',(2.6E0,1.95E0,-1.95E0));
#63=DIRECTION('',(-1.E0,0.E0,0.E0));
#64=DIRECTION('',(0.E0,1.E0,0.E0));
#65=AXIS2_PLACEMENT_3D('',#62,#63,#64);
#67=CARTESIAN_POINT('',(2.6E0,-1.95E0,-1.95E0));
#68=DIRECTION('',(-1.E0,0.E0,0.E0));
#69=DIRECTION('',(0.E0,0.E0,-1.E0));
#70=AXIS2_PLACEMENT_3D('',#67,#68,#69);
#72=CARTESIAN_POINT('',(2.6E0,-1.95E0,1.95E0));
#73=DIRECTION('',(-1.E0,0.E0,0.E0));
#74=DIRECTION('',(0.E0,-1.E0,0.E0));
#75=AXIS2_PLACEMENT_3D('',#72,#73,#74);
#77=DIRECTION('',(0.E0,1.E0,0.E0));
#78=VECTOR('',#77,3.9E0);
#79=CARTESIAN_POINT('',(2.6E0,-1.95E0,-1.95E0));
#80=LINE('',#79,#78);
#81=DIRECTION('',(0.E0,0.E0,1.E0));
#82=VECTOR('',#81,3.9E0);
#83=CARTESIAN_POINT('',(2.6E0,1.95E0,-1.95E0));
#84=LINE('',#83,#82);
#85=DIRECTION('',(0.E0,-1.E0,0.E0));
#86=VECTOR('',#85,3.9E0);
#87=CARTESIAN_POINT('',(2.6E0,1.95E0,1.95E0));
#88=LINE('',#87,#86);
#89=DIRECTION('',(0.E0,0.E0,-1.E0));
#90=VECTOR('',#89,3.9E0);
#91=CARTESIAN_POINT('',(2.6E0,-1.95E0,1.95E0));
#92=LINE('',#91,#90);
#93=DIRECTION('',(0.E0,-1.E0,0.E0));
#94=VECTOR('',#93,3.9E0);
#95=CARTESIAN_POINT('',(2.6E0,1.95E0,2.25E0));
#96=LINE('',#95,#94);
#97=DIRECTION('',(0.E0,1.E0,0.E0));
#98=VECTOR('',#97,7.E-1);
#99=CARTESIAN_POINT('',(0.E0,-1.95E0,2.25E0));
#100=LINE('',#99,#98);
#101=DIRECTION('',(0.E0,1.E0,0.E0));
#102=VECTOR('',#101,2.5E0);
#103=CARTESIAN_POINT('',(3.E-1,-1.25E0,2.25E0));
#104=LINE('',#103,#102);
#105=DIRECTION('',(-1.E0,0.E0,0.E0));
#106=VECTOR('',#105,3.E-1);
#107=CARTESIAN_POINT('',(3.E-1,1.25E0,2.25E0));
#108=LINE('',#107,#106);
#109=DIRECTION('',(0.E0,1.E0,0.E0));
#110=VECTOR('',#109,7.E-1);
#111=CARTESIAN_POINT('',(0.E0,1.25E0,2.25E0));
#112=LINE('',#111,#110);
#113=DIRECTION('',(-1.E0,0.E0,0.E0));
#114=VECTOR('',#113,3.E-1);
#115=CARTESIAN_POINT('',(3.E-1,-1.25E0,2.25E0));
#116=LINE('',#115,#114);
#117=DIRECTION('',(0.E0,-1.E0,0.E0));
#118=VECTOR('',#117,1.E0);
#119=CARTESIAN_POINT('',(0.E0,-1.25E0,1.25E0));
#120=LINE('',#119,#118);
#121=DIRECTION('',(-1.E0,0.E0,0.E0));
#122=VECTOR('',#121,3.E-1);
#123=CARTESIAN_POINT('',(3.E-1,-1.25E0,1.25E0));
#124=LINE('',#123,#122);
#125=DIRECTION('',(0.E0,0.E0,-1.E0));
#126=VECTOR('',#125,3.9E0);
#127=CARTESIAN_POINT('',(2.6E0,-2.25E0,1.95E0));
#128=LINE('',#127,#126);
#129=DIRECTION('',(0.E0,0.E0,1.E0));
#130=VECTOR('',#129,7.E-1);
#131=CARTESIAN_POINT('',(0.E0,-2.25E0,-1.95E0));
#132=LINE('',#131,#130);
#133=DIRECTION('',(0.E0,0.E0,1.E0));
#134=VECTOR('',#133,2.5E0);
#135=CARTESIAN_POINT('',(3.E-1,-2.25E0,-1.25E0));
#136=LINE('',#135,#134);
#137=DIRECTION('',(-1.E0,0.E0,0.E0));
#138=VECTOR('',#137,3.E-1);
#139=CARTESIAN_POINT('',(3.E-1,-2.25E0,1.25E0));
#140=LINE('',#139,#138);
#141=DIRECTION('',(0.E0,0.E0,1.E0));
#142=VECTOR('',#141,7.E-1);
#143=CARTESIAN_POINT('',(0.E0,-2.25E0,1.25E0));
#144=LINE('',#143,#142);
#145=DIRECTION('',(-1.E0,0.E0,0.E0));
#146=VECTOR('',#145,3.E-1);
#147=CARTESIAN_POINT('',(1.1E0,-2.25E0,1.85E0));
#148=LINE('',#147,#146);
#149=DIRECTION('',(-1.E0,0.E0,0.E0));
#150=VECTOR('',#149,2.999836501799E-1);
#151=CARTESIAN_POINT('',(1.1E0,-2.25E0,-1.15E0));
#152=LINE('',#151,#150);
#153=DIRECTION('',(-1.E0,0.E0,0.E0));
#154=VECTOR('',#153,2.6E0);
#155=CARTESIAN_POINT('',(2.6E0,-1.95E0,-2.25E0));
#156=LINE('',#155,#154);
#157=DIRECTION('',(1.E0,0.E0,0.E0));
#158=VECTOR('',#157,2.6E0);
#159=CARTESIAN_POINT('',(0.E0,-2.25E0,-1.95E0));
#160=LINE('',#159,#158);
#161=DIRECTION('',(0.E0,1.E0,0.E0));
#162=VECTOR('',#161,3.9E0);
#163=CARTESIAN_POINT('',(2.6E0,-1.95E0,-2.25E0));
#164=LINE('',#163,#162);
#165=DIRECTION('',(0.E0,-1.E0,0.E0));
#166=VECTOR('',#165,7.E-1);
#167=CARTESIAN_POINT('',(0.E0,1.95E0,-2.25E0));
#168=LINE('',#167,#166);
#169=DIRECTION('',(0.E0,-1.E0,0.E0));
#170=VECTOR('',#169,2.5E0);
#171=CARTESIAN_POINT('',(3.E-1,1.25E0,-2.25E0));
#172=LINE('',#171,#170);
#173=DIRECTION('',(-1.E0,0.E0,0.E0));
#174=VECTOR('',#173,3.E-1);
#175=CARTESIAN_POINT('',(3.E-1,-1.25E0,-2.25E0));
#176=LINE('',#175,#174);
#177=DIRECTION('',(0.E0,-1.E0,0.E0));
#178=VECTOR('',#177,7.E-1);
#179=CARTESIAN_POINT('',(0.E0,-1.25E0,-2.25E0));
#180=LINE('',#179,#178);
#181=DIRECTION('',(-1.E0,0.E0,0.E0));
#182=VECTOR('',#181,2.6E0);
#183=CARTESIAN_POINT('',(2.6E0,2.25E0,-1.95E0));
#184=LINE('',#183,#182);
#185=DIRECTION('',(1.E0,0.E0,0.E0));
#186=VECTOR('',#185,2.6E0);
#187=CARTESIAN_POINT('',(0.E0,1.95E0,-2.25E0));
#188=LINE('',#187,#186);
#189=DIRECTION('',(0.E0,0.E0,1.E0));
#190=VECTOR('',#189,3.9E0);
#191=CARTESIAN_POINT('',(2.6E0,2.25E0,-1.95E0));
#192=LINE('',#191,#190);
#193=DIRECTION('',(0.E0,0.E0,-1.E0));
#194=VECTOR('',#193,7.E-1);
#195=CARTESIAN_POINT('',(0.E0,2.25E0,1.95E0));
#196=LINE('',#195,#194);
#197=DIRECTION('',(0.E0,0.E0,-1.E0));
#198=VECTOR('',#197,2.5E0);
#199=CARTESIAN_POINT('',(3.E-1,2.25E0,1.25E0));
#200=LINE('',#199,#198);
#201=DIRECTION('',(-1.E0,0.E0,0.E0));
#202=VECTOR('',#201,3.E-1);
#203=CARTESIAN_POINT('',(3.E-1,2.25E0,-1.25E0));
#204=LINE('',#203,#202);
#205=DIRECTION('',(0.E0,0.E0,-1.E0));
#206=VECTOR('',#205,7.E-1);
#207=CARTESIAN_POINT('',(0.E0,2.25E0,-1.25E0));
#208=LINE('',#207,#206);
#209=DIRECTION('',(-1.E0,0.E0,0.E0));
#210=VECTOR('',#209,2.999836501799E-1);
#211=CARTESIAN_POINT('',(1.1E0,2.25E0,-1.85E0));
#212=LINE('',#211,#210);
#213=DIRECTION('',(-1.E0,0.E0,0.E0));
#214=VECTOR('',#213,3.E-1);
#215=CARTESIAN_POINT('',(1.1E0,2.25E0,1.15E0));
#216=LINE('',#215,#214);
#217=DIRECTION('',(-1.E0,0.E0,0.E0));
#218=VECTOR('',#217,2.6E0);
#219=CARTESIAN_POINT('',(2.6E0,1.95E0,2.25E0));
#220=LINE('',#219,#218);
#221=DIRECTION('',(1.E0,0.E0,0.E0));
#222=VECTOR('',#221,2.6E0);
#223=CARTESIAN_POINT('',(0.E0,2.25E0,1.95E0));
#224=LINE('',#223,#222);
#225=CARTESIAN_POINT('',(0.E0,1.95E0,1.95E0));
#226=DIRECTION('',(1.E0,0.E0,0.E0));
#227=DIRECTION('',(0.E0,1.E0,0.E0));
#228=AXIS2_PLACEMENT_3D('',#225,#226,#227);
#230=DIRECTION('',(0.E0,1.E0,0.E0));
#231=VECTOR('',#230,1.E0);
#232=CARTESIAN_POINT('',(0.E0,1.25E0,1.25E0));
#233=LINE('',#232,#231);
#234=DIRECTION('',(0.E0,0.E0,1.E0));
#235=VECTOR('',#234,1.E0);
#236=CARTESIAN_POINT('',(0.E0,1.25E0,1.25E0));
#237=LINE('',#236,#235);
#238=DIRECTION('',(-1.E0,0.E0,0.E0));
#239=VECTOR('',#238,3.E-1);
#240=CARTESIAN_POINT('',(3.E-1,1.25E0,1.25E0));
#241=LINE('',#240,#239);
#242=DIRECTION('',(0.E0,1.E0,0.E0));
#243=VECTOR('',#242,1.E0);
#244=CARTESIAN_POINT('',(3.E-1,-2.25E0,-1.25E0));
#245=LINE('',#244,#243);
#246=DIRECTION('',(0.E0,0.E0,-1.E0));
#247=VECTOR('',#246,1.E0);
#248=CARTESIAN_POINT('',(3.E-1,-1.25E0,-1.25E0));
#249=LINE('',#248,#247);
#250=DIRECTION('',(0.E0,0.E0,1.E0));
#251=VECTOR('',#250,1.E0);
#252=CARTESIAN_POINT('',(3.E-1,1.25E0,-2.25E0));
#253=LINE('',#252,#251);
#254=DIRECTION('',(0.E0,1.E0,0.E0));
#255=VECTOR('',#254,1.E0);
#256=CARTESIAN_POINT('',(3.E-1,1.25E0,-1.25E0));
#257=LINE('',#256,#255);
#258=DIRECTION('',(0.E0,-1.E0,0.E0));
#259=VECTOR('',#258,1.E0);
#260=CARTESIAN_POINT('',(3.E-1,2.25E0,1.25E0));
#261=LINE('',#260,#259);
#262=DIRECTION('',(0.E0,0.E0,1.E0));
#263=VECTOR('',#262,1.E0);
#264=CARTESIAN_POINT('',(3.E-1,1.25E0,1.25E0));
#265=LINE('',#264,#263);
#266=DIRECTION('',(0.E0,0.E0,-1.E0));
#267=VECTOR('',#266,1.E0);
#268=CARTESIAN_POINT('',(3.E-1,-1.25E0,2.25E0));
#269=LINE('',#268,#267);
#270=DIRECTION('',(0.E0,-1.E0,0.E0));
#271=VECTOR('',#270,1.E0);
#272=CARTESIAN_POINT('',(3.E-1,-1.25E0,1.25E0));
#273=LINE('',#272,#271);
#274=DIRECTION('',(-1.E0,0.E0,0.E0));
#275=VECTOR('',#274,3.E-1);
#276=CARTESIAN_POINT('',(3.E-1,-2.25E0,-1.25E0));
#277=LINE('',#276,#275);
#278=CARTESIAN_POINT('',(0.E0,-1.95E0,-1.95E0));
#279=DIRECTION('',(1.E0,0.E0,0.E0));
#280=DIRECTION('',(0.E0,-1.E0,0.E0));
#281=AXIS2_PLACEMENT_3D('',#278,#279,#280);
#283=DIRECTION('',(0.E0,-1.E0,0.E0));
#284=VECTOR('',#283,1.E0);
#285=CARTESIAN_POINT('',(0.E0,-1.25E0,-1.25E0));
#286=LINE('',#285,#284);
#287=DIRECTION('',(0.E0,0.E0,-1.E0));
#288=VECTOR('',#287,1.E0);
#289=CARTESIAN_POINT('',(0.E0,-1.25E0,-1.25E0));
#290=LINE('',#289,#288);
#291=DIRECTION('',(-1.E0,0.E0,0.E0));
#292=VECTOR('',#291,3.E-1);
#293=CARTESIAN_POINT('',(3.E-1,-1.25E0,-1.25E0));
#294=LINE('',#293,#292);
#295=DIRECTION('',(-1.E0,0.E0,0.E0));
#296=VECTOR('',#295,3.E-1);
#297=CARTESIAN_POINT('',(3.E-1,1.25E0,-2.25E0));
#298=LINE('',#297,#296);
#299=CARTESIAN_POINT('',(0.E0,1.95E0,-1.95E0));
#300=DIRECTION('',(1.E0,0.E0,0.E0));
#301=DIRECTION('',(0.E0,0.E0,-1.E0));
#302=AXIS2_PLACEMENT_3D('',#299,#300,#301);
#304=DIRECTION('',(0.E0,0.E0,-1.E0));
#305=VECTOR('',#304,1.E0);
#306=CARTESIAN_POINT('',(0.E0,1.25E0,-1.25E0));
#307=LINE('',#306,#305);
#308=DIRECTION('',(0.E0,1.E0,0.E0));
#309=VECTOR('',#308,1.E0);
#310=CARTESIAN_POINT('',(0.E0,1.25E0,-1.25E0));
#311=LINE('',#310,#309);
#312=DIRECTION('',(-1.E0,0.E0,0.E0));
#313=VECTOR('',#312,3.E-1);
#314=CARTESIAN_POINT('',(3.E-1,1.25E0,-1.25E0));
#315=LINE('',#314,#313);
#316=DIRECTION('',(-1.E0,0.E0,0.E0));
#317=VECTOR('',#316,3.E-1);
#318=CARTESIAN_POINT('',(3.E-1,2.25E0,1.25E0));
#319=LINE('',#318,#317);
#320=DIRECTION('',(2.335688588188E-5,0.E0,-9.999999997272E-1));
#321=VECTOR('',#320,7.000000001909E-1);
#322=CARTESIAN_POINT('',(8.E-1,2.25E0,-1.15E0));
#323=LINE('',#322,#321);
#324=DIRECTION('',(1.201426974851E-4,-1.051112403498E-5,9.999999927276E-1));
#325=VECTOR('',#324,7.000000050907E-1);
#326=CARTESIAN_POINT('',(7.543577871372E-1,2.299809734905E0,-1.85E0));
#327=LINE('',#326,#325);
#328=CARTESIAN_POINT('',(7.5E-1,2.25E0,-1.15E0));
#329=DIRECTION('',(0.E0,0.E0,-1.E0));
#330=DIRECTION('',(8.715574275064E-2,9.961946980915E-1,0.E0));
#331=AXIS2_PLACEMENT_3D('',#328,#329,#330);
#333=DIRECTION('',(-1.E0,0.E0,0.E0));
#334=VECTOR('',#333,3.E-1);
#335=CARTESIAN_POINT('',(1.1E0,2.25E0,-1.15E0));
#336=LINE('',#335,#334);
#337=CARTESIAN_POINT('',(8.E-1,2.25E0,-1.15E0));
#338=CARTESIAN_POINT('',(8.E-1,2.256511446547E0,-1.15E0));
#339=CARTESIAN_POINT('',(7.976169251576E-1,2.268537339397E0,-1.15E0));
#340=CARTESIAN_POINT('',(7.877878834607E-1,2.284473319522E0,-1.15E0));
#341=CARTESIAN_POINT('',(7.729304413190E-1,2.295674634379E0,-1.15E0));
#342=CARTESIAN_POINT('',(7.609302566076E-1,2.299234718335E0,-1.15E0));
#343=CARTESIAN_POINT('',(7.544418870260E-1,2.299802377118E0,-1.15E0));
#345=DIRECTION('',(-9.961946980917E-1,8.715574274802E-2,0.E0));
#346=VECTOR('',#345,3.907912628625E-1);
#347=CARTESIAN_POINT('',(7.544418870260E-1,2.299802377118E0,-1.15E0));
#348=LINE('',#347,#346);
#349=CARTESIAN_POINT('',(4.E-1,2.732339959129E0,-1.15E0));
#350=DIRECTION('',(0.E0,0.E0,-1.E0));
#351=DIRECTION('',(-8.715574274061E-2,-9.961946980924E-1,0.E0));
#352=AXIS2_PLACEMENT_3D('',#349,#350,#351);
#354=DIRECTION('',(0.E0,1.E0,0.E0));
#355=VECTOR('',#354,5.176600408710E-1);
#356=CARTESIAN_POINT('',(0.E0,2.732339959129E0,-1.15E0));
#357=LINE('',#356,#355);
#358=DIRECTION('',(1.E0,0.E0,0.E0));
#359=VECTOR('',#358,3.E-1);
#360=CARTESIAN_POINT('',(0.E0,3.25E0,-1.15E0));
#361=LINE('',#360,#359);
#362=DIRECTION('',(0.E0,-1.E0,0.E0));
#363=VECTOR('',#362,5.176600408710E-1);
#364=CARTESIAN_POINT('',(3.E-1,3.25E0,-1.15E0));
#365=LINE('',#364,#363);
#366=CARTESIAN_POINT('',(4.E-1,2.732339959129E0,-1.15E0));
#367=DIRECTION('',(0.E0,0.E0,1.E0));
#368=DIRECTION('',(-1.E0,0.E0,0.E0));
#369=AXIS2_PLACEMENT_3D('',#366,#367,#368);
#371=DIRECTION('',(9.961946980917E-1,-8.715574274802E-2,0.E0));
#372=VECTOR('',#371,3.907068417260E-1);
#373=CARTESIAN_POINT('',(3.912844257264E-1,2.632720489319E0,-1.15E0));
#374=LINE('',#373,#372);
#375=DIRECTION('',(0.E0,0.E0,-1.E0));
#376=VECTOR('',#375,7.E-1);
#377=CARTESIAN_POINT('',(7.805045099620E-1,2.598668144332E0,-1.15E0));
#378=LINE('',#377,#376);
#379=DIRECTION('',(0.E0,0.E0,1.E0));
#380=VECTOR('',#379,7.E-1);
#381=CARTESIAN_POINT('',(1.1E0,2.25E0,-1.85E0));
#382=LINE('',#381,#380);
#383=DIRECTION('',(0.E0,0.E0,-1.E0));
#384=VECTOR('',#383,7.E-1);
#385=CARTESIAN_POINT('',(3.E-1,2.732339959129E0,-1.15E0));
#386=LINE('',#385,#384);
#387=DIRECTION('',(1.776356839400E-14,0.E0,1.E0));
#388=VECTOR('',#387,7.E-1);
#389=CARTESIAN_POINT('',(3.912844257264E-1,2.632720489319E0,-1.85E0));
#390=LINE('',#389,#388);
#391=DIRECTION('',(0.E0,0.E0,-1.E0));
#392=VECTOR('',#391,7.E-1);
#393=CARTESIAN_POINT('',(3.E-1,3.25E0,-1.15E0));
#394=LINE('',#393,#392);
#395=DIRECTION('',(0.E0,-1.E0,0.E0));
#396=VECTOR('',#395,5.176600408710E-1);
#397=CARTESIAN_POINT('',(3.E-1,3.25E0,-1.85E0));
#398=LINE('',#397,#396);
#399=DIRECTION('',(0.E0,0.E0,-1.E0));
#400=VECTOR('',#399,7.E-1);
#401=CARTESIAN_POINT('',(0.E0,3.25E0,-1.15E0));
#402=LINE('',#401,#400);
#403=DIRECTION('',(1.E0,0.E0,0.E0));
#404=VECTOR('',#403,3.E-1);
#405=CARTESIAN_POINT('',(0.E0,3.25E0,-1.85E0));
#406=LINE('',#405,#404);
#407=DIRECTION('',(0.E0,1.E0,0.E0));
#408=VECTOR('',#407,5.176600408710E-1);
#409=CARTESIAN_POINT('',(0.E0,2.732339959129E0,-1.85E0));
#410=LINE('',#409,#408);
#411=DIRECTION('',(0.E0,0.E0,-1.E0));
#412=VECTOR('',#411,7.E-1);
#413=CARTESIAN_POINT('',(3.651377029019E-1,2.333862079892E0,-1.15E0));
#414=LINE('',#413,#412);
#415=DIRECTION('',(0.E0,0.E0,1.E0));
#416=VECTOR('',#415,7.E-1);
#417=CARTESIAN_POINT('',(0.E0,2.732339959129E0,-1.85E0));
#418=LINE('',#417,#416);
#419=CARTESIAN_POINT('',(7.5E-1,2.25E0,-1.85E0));
#420=DIRECTION('',(0.E0,0.E0,1.E0));
#421=DIRECTION('',(1.E0,0.E0,0.E0));
#422=AXIS2_PLACEMENT_3D('',#419,#420,#421);
#424=DIRECTION('',(-9.961946980917E-1,8.715574274802E-2,0.E0));
#425=VECTOR('',#424,3.907068417261E-1);
#426=CARTESIAN_POINT('',(7.805045099620E-1,2.598668144332E0,-1.85E0));
#427=LINE('',#426,#425);
#428=CARTESIAN_POINT('',(4.E-1,2.732339959129E0,-1.85E0));
#429=DIRECTION('',(0.E0,0.E0,-1.E0));
#430=DIRECTION('',(-8.715574271278E-2,-9.961946980948E-1,0.E0));
#431=AXIS2_PLACEMENT_3D('',#428,#429,#430);
#433=CARTESIAN_POINT('',(4.E-1,2.732339959129E0,-1.85E0));
#434=DIRECTION('',(0.E0,0.E0,1.E0));
#435=DIRECTION('',(-1.E0,0.E0,0.E0));
#436=AXIS2_PLACEMENT_3D('',#433,#434,#435);
#438=DIRECTION('',(9.961946980917E-1,-8.715574274802E-2,0.E0));
#439=VECTOR('',#438,3.907068417257E-1);
#440=CARTESIAN_POINT('',(3.651377029019E-1,2.333862079892E0,-1.85E0));
#441=LINE('',#440,#439);
#442=CARTESIAN_POINT('',(7.5E-1,2.25E0,-1.85E0));
#443=DIRECTION('',(0.E0,0.E0,-1.E0));
#444=DIRECTION('',(8.715574273581E-2,9.961946980928E-1,0.E0));
#445=AXIS2_PLACEMENT_3D('',#442,#443,#444);
#447=DIRECTION('',(0.E0,0.E0,1.E0));
#448=VECTOR('',#447,7.E-1);
#449=CARTESIAN_POINT('',(1.1E0,2.25E0,1.15E0));
#450=LINE('',#449,#448);
#451=DIRECTION('',(0.E0,0.E0,-1.E0));
#452=VECTOR('',#451,7.E-1);
#453=CARTESIAN_POINT('',(7.805045099620E-1,2.598668144332E0,1.85E0));
#454=LINE('',#453,#452);
#455=CARTESIAN_POINT('',(7.5E-1,2.25E0,1.15E0));
#456=DIRECTION('',(0.E0,0.E0,1.E0));
#457=DIRECTION('',(1.E0,0.E0,0.E0));
#458=AXIS2_PLACEMENT_3D('',#455,#456,#457);
#460=DIRECTION('',(-9.961946980917E-1,8.715574274802E-2,0.E0));
#461=VECTOR('',#460,3.907068417260E-1);
#462=CARTESIAN_POINT('',(7.805045099620E-1,2.598668144332E0,1.15E0));
#463=LINE('',#462,#461);
#464=CARTESIAN_POINT('',(4.E-1,2.732339959129E0,1.15E0));
#465=DIRECTION('',(0.E0,0.E0,-1.E0));
#466=DIRECTION('',(-8.715574271241E-2,-9.961946980948E-1,0.E0));
#467=AXIS2_PLACEMENT_3D('',#464,#465,#466);
#469=CARTESIAN_POINT('',(4.E-1,2.732339959129E0,1.15E0));
#470=DIRECTION('',(0.E0,0.E0,1.E0));
#471=DIRECTION('',(-1.E0,0.E0,0.E0));
#472=AXIS2_PLACEMENT_3D('',#469,#470,#471);
#474=DIRECTION('',(9.961946980917E-1,-8.715574274802E-2,0.E0));
#475=VECTOR('',#474,3.907912628625E-1);
#476=CARTESIAN_POINT('',(3.651377029019E-1,2.333862079892E0,1.15E0));
#477=LINE('',#476,#475);
#478=CARTESIAN_POINT('',(7.544418870260E-1,2.299802377118E0,1.15E0));
#479=CARTESIAN_POINT('',(7.609302566076E-1,2.299234718335E0,1.15E0));
#480=CARTESIAN_POINT('',(7.729304413190E-1,2.295674634379E0,1.15E0));
#481=CARTESIAN_POINT('',(7.877878834607E-1,2.284473319522E0,1.15E0));
#482=CARTESIAN_POINT('',(7.976169251576E-1,2.268537339397E0,1.15E0));
#483=CARTESIAN_POINT('',(8.E-1,2.256511446547E0,1.15E0));
#484=CARTESIAN_POINT('',(8.E-1,2.25E0,1.15E0));
#486=DIRECTION('',(-1.E0,0.E0,0.E0));
#487=VECTOR('',#486,2.999836501799E-1);
#488=CARTESIAN_POINT('',(1.1E0,2.25E0,1.85E0));
#489=LINE('',#488,#487);
#490=CARTESIAN_POINT('',(7.5E-1,2.25E0,1.85E0));
#491=DIRECTION('',(0.E0,0.E0,1.E0));
#492=DIRECTION('',(1.E0,0.E0,0.E0));
#493=AXIS2_PLACEMENT_3D('',#490,#491,#492);
#495=DIRECTION('',(-9.961946980917E-1,8.715574274802E-2,0.E0));
#496=VECTOR('',#495,3.907068417257E-1);
#497=CARTESIAN_POINT('',(7.543577871372E-1,2.299809734905E0,1.85E0));
#498=LINE('',#497,#496);
#499=CARTESIAN_POINT('',(4.E-1,2.732339959129E0,1.85E0));
#500=DIRECTION('',(0.E0,0.E0,-1.E0));
#501=DIRECTION('',(-8.715574274061E-2,-9.961946980924E-1,0.E0));
#502=AXIS2_PLACEMENT_3D('',#499,#500,#501);
#504=DIRECTION('',(0.E0,1.E0,0.E0));
#505=VECTOR('',#504,5.176600408710E-1);
#506=CARTESIAN_POINT('',(0.E0,2.732339959129E0,1.85E0));
#507=LINE('',#506,#505);
#508=DIRECTION('',(1.E0,0.E0,0.E0));
#509=VECTOR('',#508,3.E-1);
#510=CARTESIAN_POINT('',(0.E0,3.25E0,1.85E0));
#511=LINE('',#510,#509);
#512=DIRECTION('',(0.E0,-1.E0,0.E0));
#513=VECTOR('',#512,5.176600408710E-1);
#514=CARTESIAN_POINT('',(3.E-1,3.25E0,1.85E0));
#515=LINE('',#514,#513);
#516=CARTESIAN_POINT('',(4.E-1,2.732339959129E0,1.85E0));
#517=DIRECTION('',(0.E0,0.E0,1.E0));
#518=DIRECTION('',(-1.E0,0.E0,0.E0));
#519=AXIS2_PLACEMENT_3D('',#516,#517,#518);
#521=DIRECTION('',(9.961946980917E-1,-8.715574274802E-2,0.E0));
#522=VECTOR('',#521,3.907068417260E-1);
#523=CARTESIAN_POINT('',(3.912844257264E-1,2.632720489319E0,1.85E0));
#524=LINE('',#523,#522);
#525=CARTESIAN_POINT('',(7.5E-1,2.25E0,1.85E0));
#526=DIRECTION('',(0.E0,0.E0,-1.E0));
#527=DIRECTION('',(8.715574275064E-2,9.961946980915E-1,0.E0));
#528=AXIS2_PLACEMENT_3D('',#525,#526,#527);
#530=DIRECTION('',(-1.201426974846E-4,1.051112403625E-5,9.999999927276E-1));
#531=VECTOR('',#530,7.000000050907E-1);
#532=CARTESIAN_POINT('',(7.544418870260E-1,2.299802377118E0,1.15E0));
#533=LINE('',#532,#531);
#534=DIRECTION('',(-2.335688588188E-5,0.E0,-9.999999997272E-1));
#535=VECTOR('',#534,7.000000001909E-1);
#536=CARTESIAN_POINT('',(8.000163498201E-1,2.25E0,1.85E0));
#537=LINE('',#536,#535);
#538=DIRECTION('',(0.E0,0.E0,1.E0));
#539=VECTOR('',#538,7.E-1);
#540=CARTESIAN_POINT('',(0.E0,2.732339959129E0,1.15E0));
#541=LINE('',#540,#539);
#542=DIRECTION('',(0.E0,0.E0,-1.E0));
#543=VECTOR('',#542,7.E-1);
#544=CARTESIAN_POINT('',(3.651377029019E-1,2.333862079892E0,1.85E0));
#545=LINE('',#544,#543);
#546=DIRECTION('',(0.E0,1.E0,0.E0));
#547=VECTOR('',#546,5.176600408710E-1);
#548=CARTESIAN_POINT('',(0.E0,2.732339959129E0,1.15E0));
#549=LINE('',#548,#547);
#550=DIRECTION('',(1.E0,0.E0,0.E0));
#551=VECTOR('',#550,3.E-1);
#552=CARTESIAN_POINT('',(0.E0,3.25E0,1.15E0));
#553=LINE('',#552,#551);
#554=DIRECTION('',(0.E0,0.E0,-1.E0));
#555=VECTOR('',#554,7.E-1);
#556=CARTESIAN_POINT('',(0.E0,3.25E0,1.85E0));
#557=LINE('',#556,#555);
#558=DIRECTION('',(0.E0,-1.E0,0.E0));
#559=VECTOR('',#558,5.176600408710E-1);
#560=CARTESIAN_POINT('',(3.E-1,3.25E0,1.15E0));
#561=LINE('',#560,#559);
#562=DIRECTION('',(0.E0,0.E0,-1.E0));
#563=VECTOR('',#562,7.E-1);
#564=CARTESIAN_POINT('',(3.E-1,3.25E0,1.85E0));
#565=LINE('',#564,#563);
#566=DIRECTION('',(-1.728775852631E-14,0.E0,1.E0));
#567=VECTOR('',#566,7.E-1);
#568=CARTESIAN_POINT('',(3.912844257264E-1,2.632720489319E0,1.15E0));
#569=LINE('',#568,#567);
#570=DIRECTION('',(0.E0,0.E0,-1.E0));
#571=VECTOR('',#570,7.E-1);
#572=CARTESIAN_POINT('',(3.E-1,2.732339959129E0,1.85E0));
#573=LINE('',#572,#571);
#574=DIRECTION('',(-2.335688588188E-5,0.E0,9.999999997272E-1));
#575=VECTOR('',#574,7.000000001909E-1);
#576=CARTESIAN_POINT('',(8.000163498201E-1,-2.25E0,1.15E0));
#577=LINE('',#576,#575);
#578=DIRECTION('',(-1.201426975068E-4,-1.051112403688E-5,-9.999999927276E-1));
#579=VECTOR('',#578,7.000000050907E-1);
#580=CARTESIAN_POINT('',(7.544418870255E-1,-2.299802377118E0,1.85E0));
#581=LINE('',#580,#579);
#582=DIRECTION('',(-9.961946980917E-1,-8.715574274802E-2,0.E0));
#583=VECTOR('',#582,3.907068417261E-1);
#584=CARTESIAN_POINT('',(7.543577871367E-1,-2.299809734905E0,1.15E0));
#585=LINE('',#584,#583);
#586=CARTESIAN_POINT('',(4.E-1,-2.732339959129E0,1.15E0));
#587=DIRECTION('',(0.E0,0.E0,1.E0));
#588=DIRECTION('',(-8.715574274759E-2,9.961946980918E-1,0.E0));
#589=AXIS2_PLACEMENT_3D('',#586,#587,#588);
#591=CARTESIAN_POINT('',(4.E-1,-2.732339959129E0,1.15E0));
#592=DIRECTION('',(0.E0,0.E0,-1.E0));
#593=DIRECTION('',(-1.E0,0.E0,0.E0));
#594=AXIS2_PLACEMENT_3D('',#591,#592,#593);
#596=DIRECTION('',(9.961946980917E-1,8.715574274802E-2,0.E0));
#597=VECTOR('',#596,3.907068417263E-1);
#598=CARTESIAN_POINT('',(3.912844257270E-1,-2.632720489319E0,1.15E0));
#599=LINE('',#598,#597);
#600=CARTESIAN_POINT('',(7.5E-1,-2.25E0,1.15E0));
#601=DIRECTION('',(0.E0,0.E0,1.E0));
#602=DIRECTION('',(8.715574275856E-2,-9.961946980908E-1,0.E0));
#603=AXIS2_PLACEMENT_3D('',#600,#601,#602);
#605=DIRECTION('',(-1.E0,0.E0,0.E0));
#606=VECTOR('',#605,2.999836501799E-1);
#607=CARTESIAN_POINT('',(1.1E0,-2.25E0,1.15E0));
#608=LINE('',#607,#606);
#609=CARTESIAN_POINT('',(7.5E-1,-2.25E0,1.15E0));
#610=DIRECTION('',(0.E0,0.E0,-1.E0));
#611=DIRECTION('',(1.E0,0.E0,0.E0));
#612=AXIS2_PLACEMENT_3D('',#609,#610,#611);
#614=CARTESIAN_POINT('',(7.5E-1,-2.25E0,1.85E0));
#615=DIRECTION('',(0.E0,0.E0,-1.E0));
#616=DIRECTION('',(1.E0,0.E0,0.E0));
#617=AXIS2_PLACEMENT_3D('',#614,#615,#616);
#619=DIRECTION('',(-9.961946980917E-1,-8.715574274802E-2,0.E0));
#620=VECTOR('',#619,3.907068417263E-1);
#621=CARTESIAN_POINT('',(7.805045099629E-1,-2.598668144332E0,1.85E0));
#622=LINE('',#621,#620);
#623=CARTESIAN_POINT('',(4.E-1,-2.732339959129E0,1.85E0));
#624=DIRECTION('',(0.E0,0.E0,1.E0));
#625=DIRECTION('',(-8.715574269245E-2,9.961946980966E-1,0.E0));
#626=AXIS2_PLACEMENT_3D('',#623,#624,#625);
#628=DIRECTION('',(0.E0,-1.E0,0.E0));
#629=VECTOR('',#628,5.176600408710E-1);
#630=CARTESIAN_POINT('',(3.E-1,-2.732339959129E0,1.85E0));
#631=LINE('',#630,#629);
#632=DIRECTION('',(-1.E0,0.E0,0.E0));
#633=VECTOR('',#632,3.E-1);
#634=CARTESIAN_POINT('',(3.E-1,-3.25E0,1.85E0));
#635=LINE('',#634,#633);
#636=DIRECTION('',(0.E0,1.E0,0.E0));
#637=VECTOR('',#636,5.176600408710E-1);
#638=CARTESIAN_POINT('',(0.E0,-3.25E0,1.85E0));
#639=LINE('',#638,#637);
#640=CARTESIAN_POINT('',(4.E-1,-2.732339959129E0,1.85E0));
#641=DIRECTION('',(0.E0,0.E0,-1.E0));
#642=DIRECTION('',(-1.E0,0.E0,0.E0));
#643=AXIS2_PLACEMENT_3D('',#640,#641,#642);
#645=DIRECTION('',(9.961946980917E-1,8.715574274802E-2,0.E0));
#646=VECTOR('',#645,3.907912628629E-1);
#647=CARTESIAN_POINT('',(3.651377029009E-1,-2.333862079892E0,1.85E0));
#648=LINE('',#647,#646);
#649=CARTESIAN_POINT('',(7.544418870255E-1,-2.299802377118E0,1.85E0));
#650=CARTESIAN_POINT('',(7.609302566079E-1,-2.299234718335E0,1.85E0));
#651=CARTESIAN_POINT('',(7.729304413189E-1,-2.295674634379E0,1.85E0));
#652=CARTESIAN_POINT('',(7.877878834607E-1,-2.284473319522E0,1.85E0));
#653=CARTESIAN_POINT('',(7.976169251576E-1,-2.268537339397E0,1.85E0));
#654=CARTESIAN_POINT('',(8.E-1,-2.256511446547E0,1.85E0));
#655=CARTESIAN_POINT('',(8.E-1,-2.25E0,1.85E0));
#657=DIRECTION('',(0.E0,0.E0,1.E0));
#658=VECTOR('',#657,7.E-1);
#659=CARTESIAN_POINT('',(7.805045099629E-1,-2.598668144332E0,1.15E0));
#660=LINE('',#659,#658);
#661=DIRECTION('',(0.E0,0.E0,-1.E0));
#662=VECTOR('',#661,7.E-1);
#663=CARTESIAN_POINT('',(1.1E0,-2.25E0,1.85E0));
#664=LINE('',#663,#662);
#665=DIRECTION('',(0.E0,0.E0,1.E0));
#666=VECTOR('',#665,7.E-1);
#667=CARTESIAN_POINT('',(3.E-1,-2.732339959129E0,1.15E0));
#668=LINE('',#667,#666);
#669=DIRECTION('',(-1.720845688169E-14,0.E0,-1.E0));
#670=VECTOR('',#669,7.E-1);
#671=CARTESIAN_POINT('',(3.912844257271E-1,-2.632720489319E0,1.85E0));
#672=LINE('',#671,#670);
#673=DIRECTION('',(0.E0,-1.E0,0.E0));
#674=VECTOR('',#673,5.176600408710E-1);
#675=CARTESIAN_POINT('',(3.E-1,-2.732339959129E0,1.15E0));
#676=LINE('',#675,#674);
#677=DIRECTION('',(-1.E0,0.E0,0.E0));
#678=VECTOR('',#677,3.E-1);
#679=CARTESIAN_POINT('',(3.E-1,-3.25E0,1.15E0));
#680=LINE('',#679,#678);
#681=DIRECTION('',(0.E0,0.E0,-1.E0));
#682=VECTOR('',#681,7.E-1);
#683=CARTESIAN_POINT('',(3.E-1,-3.25E0,1.85E0));
#684=LINE('',#683,#682);
#685=DIRECTION('',(0.E0,1.E0,0.E0));
#686=VECTOR('',#685,5.176600408710E-1);
#687=CARTESIAN_POINT('',(0.E0,-3.25E0,1.15E0));
#688=LINE('',#687,#686);
#689=DIRECTION('',(0.E0,0.E0,-1.E0));
#690=VECTOR('',#689,7.E-1);
#691=CARTESIAN_POINT('',(0.E0,-3.25E0,1.85E0));
#692=LINE('',#691,#690);
#693=DIRECTION('',(0.E0,0.E0,1.E0));
#694=VECTOR('',#693,7.E-1);
#695=CARTESIAN_POINT('',(3.651377029009E-1,-2.333862079892E0,1.15E0));
#696=LINE('',#695,#694);
#697=DIRECTION('',(0.E0,0.E0,-1.E0));
#698=VECTOR('',#697,7.E-1);
#699=CARTESIAN_POINT('',(0.E0,-2.732339959129E0,1.85E0));
#700=LINE('',#699,#698);
#701=DIRECTION('',(0.E0,0.E0,-1.E0));
#702=VECTOR('',#701,7.E-1);
#703=CARTESIAN_POINT('',(1.1E0,-2.25E0,-1.15E0));
#704=LINE('',#703,#702);
#705=DIRECTION('',(0.E0,0.E0,1.E0));
#706=VECTOR('',#705,7.E-1);
#707=CARTESIAN_POINT('',(7.805045099629E-1,-2.598668144332E0,-1.85E0));
#708=LINE('',#707,#706);
#709=DIRECTION('',(9.961946980917E-1,8.715574274802E-2,0.E0));
#710=VECTOR('',#709,3.907068417261E-1);
#711=CARTESIAN_POINT('',(3.651377029009E-1,-2.333862079892E0,-1.15E0));
#712=LINE('',#711,#710);
#713=CARTESIAN_POINT('',(7.5E-1,-2.25E0,-1.15E0));
#714=DIRECTION('',(0.E0,0.E0,1.E0));
#715=DIRECTION('',(8.715574270400E-2,-9.961946980956E-1,0.E0));
#716=AXIS2_PLACEMENT_3D('',#713,#714,#715);
#718=CARTESIAN_POINT('',(7.5E-1,-2.25E0,-1.15E0));
#719=DIRECTION('',(0.E0,0.E0,-1.E0));
#720=DIRECTION('',(1.E0,0.E0,0.E0));
#721=AXIS2_PLACEMENT_3D('',#718,#719,#720);
#723=DIRECTION('',(-9.961946980917E-1,-8.715574274802E-2,0.E0));
#724=VECTOR('',#723,3.907068417263E-1);
#725=CARTESIAN_POINT('',(7.805045099629E-1,-2.598668144332E0,-1.15E0));
#726=LINE('',#725,#724);
#727=CARTESIAN_POINT('',(4.E-1,-2.732339959129E0,-1.15E0));
#728=DIRECTION('',(0.E0,0.E0,1.E0));
#729=DIRECTION('',(-8.715574269282E-2,9.961946980965E-1,0.E0));
#730=AXIS2_PLACEMENT_3D('',#727,#728,#729);
#732=DIRECTION('',(0.E0,-1.E0,0.E0));
#733=VECTOR('',#732,5.176600408710E-1);
#734=CARTESIAN_POINT('',(3.E-1,-2.732339959129E0,-1.15E0));
#735=LINE('',#734,#733);
#736=DIRECTION('',(-1.E0,0.E0,0.E0));
#737=VECTOR('',#736,3.E-1);
#738=CARTESIAN_POINT('',(3.E-1,-3.25E0,-1.15E0));
#739=LINE('',#738,#737);
#740=DIRECTION('',(0.E0,1.E0,0.E0));
#741=VECTOR('',#740,5.176600408710E-1);
#742=CARTESIAN_POINT('',(0.E0,-3.25E0,-1.15E0));
#743=LINE('',#742,#741);
#744=CARTESIAN_POINT('',(4.E-1,-2.732339959129E0,-1.15E0));
#745=DIRECTION('',(0.E0,0.E0,-1.E0));
#746=DIRECTION('',(-1.E0,0.E0,0.E0));
#747=AXIS2_PLACEMENT_3D('',#744,#745,#746);
#749=DIRECTION('',(0.E0,0.E0,-1.E0));
#750=VECTOR('',#749,7.E-1);
#751=CARTESIAN_POINT('',(0.E0,-2.732339959129E0,-1.15E0));
#752=LINE('',#751,#750);
#753=DIRECTION('',(0.E0,0.E0,1.E0));
#754=VECTOR('',#753,7.E-1);
#755=CARTESIAN_POINT('',(3.651377029009E-1,-2.333862079892E0,-1.85E0));
#756=LINE('',#755,#754);
#757=DIRECTION('',(0.E0,0.E0,-1.E0));
#758=VECTOR('',#757,7.E-1);
#759=CARTESIAN_POINT('',(0.E0,-3.25E0,-1.15E0));
#760=LINE('',#759,#758);
#761=DIRECTION('',(0.E0,1.E0,0.E0));
#762=VECTOR('',#761,5.176600408710E-1);
#763=CARTESIAN_POINT('',(0.E0,-3.25E0,-1.85E0));
#764=LINE('',#763,#762);
#765=DIRECTION('',(0.E0,0.E0,-1.E0));
#766=VECTOR('',#765,7.E-1);
#767=CARTESIAN_POINT('',(3.E-1,-3.25E0,-1.15E0));
#768=LINE('',#767,#766);
#769=DIRECTION('',(-1.E0,0.E0,0.E0));
#770=VECTOR('',#769,3.E-1);
#771=CARTESIAN_POINT('',(3.E-1,-3.25E0,-1.85E0));
#772=LINE('',#771,#770);
#773=DIRECTION('',(0.E0,-1.E0,0.E0));
#774=VECTOR('',#773,5.176600408710E-1);
#775=CARTESIAN_POINT('',(3.E-1,-2.732339959129E0,-1.85E0));
#776=LINE('',#775,#774);
#777=DIRECTION('',(1.784287003862E-14,0.E0,-1.E0));
#778=VECTOR('',#777,7.E-1);
#779=CARTESIAN_POINT('',(3.912844257270E-1,-2.632720489319E0,-1.15E0));
#780=LINE('',#779,#778);
#781=DIRECTION('',(0.E0,0.E0,1.E0));
#782=VECTOR('',#781,7.E-1);
#783=CARTESIAN_POINT('',(3.E-1,-2.732339959129E0,-1.85E0));
#784=LINE('',#783,#782);
#785=DIRECTION('',(-1.E0,0.E0,0.E0));
#786=VECTOR('',#785,3.E-1);
#787=CARTESIAN_POINT('',(1.1E0,-2.25E0,-1.85E0));
#788=LINE('',#787,#786);
#789=CARTESIAN_POINT('',(8.E-1,-2.25E0,-1.85E0));
#790=CARTESIAN_POINT('',(8.E-1,-2.256511446547E0,-1.85E0));
#791=CARTESIAN_POINT('',(7.976169251576E-1,-2.268537339397E0,-1.85E0));
#792=CARTESIAN_POINT('',(7.877878834607E-1,-2.284473319522E0,-1.85E0));
#793=CARTESIAN_POINT('',(7.729304413189E-1,-2.295674634379E0,-1.85E0));
#794=CARTESIAN_POINT('',(7.609302566079E-1,-2.299234718335E0,-1.85E0));
#795=CARTESIAN_POINT('',(7.544418870255E-1,-2.299802377118E0,-1.85E0));
#797=DIRECTION('',(-9.961946980917E-1,-8.715574274802E-2,0.E0));
#798=VECTOR('',#797,3.907912628629E-1);
#799=CARTESIAN_POINT('',(7.544418870255E-1,-2.299802377118E0,-1.85E0));
#800=LINE('',#799,#798);
#801=CARTESIAN_POINT('',(4.E-1,-2.732339959129E0,-1.85E0));
#802=DIRECTION('',(0.E0,0.E0,1.E0));
#803=DIRECTION('',(-8.715574274761E-2,9.961946980917E-1,0.E0));
#804=AXIS2_PLACEMENT_3D('',#801,#802,#803);
#806=CARTESIAN_POINT('',(4.E-1,-2.732339959129E0,-1.85E0));
#807=DIRECTION('',(0.E0,0.E0,-1.E0));
#808=DIRECTION('',(-1.E0,0.E0,0.E0));
#809=AXIS2_PLACEMENT_3D('',#806,#807,#808);
#811=DIRECTION('',(9.961946980917E-1,8.715574274802E-2,0.E0));
#812=VECTOR('',#811,3.907068417263E-1);
#813=CARTESIAN_POINT('',(3.912844257271E-1,-2.632720489319E0,-1.85E0));
#814=LINE('',#813,#812);
#815=CARTESIAN_POINT('',(7.5E-1,-2.25E0,-1.85E0));
#816=DIRECTION('',(0.E0,0.E0,1.E0));
#817=DIRECTION('',(8.715574275856E-2,-9.961946980908E-1,0.E0));
#818=AXIS2_PLACEMENT_3D('',#815,#816,#817);
#820=DIRECTION('',(1.201426975063E-4,1.051112403688E-5,-9.999999927276E-1));
#821=VECTOR('',#820,7.000000050907E-1);
#822=CARTESIAN_POINT('',(7.543577871367E-1,-2.299809734905E0,-1.15E0));
#823=LINE('',#822,#821);
#824=DIRECTION('',(2.335688588188E-5,0.E0,9.999999997272E-1));
#825=VECTOR('',#824,7.000000001909E-1);
#826=CARTESIAN_POINT('',(8.E-1,-2.25E0,-1.85E0));
#827=LINE('',#826,#825);
#828=DIRECTION('',(0.E0,1.E0,0.E0));
#829=VECTOR('',#828,3.9E0);
#830=CARTESIAN_POINT('',(2.61E0,-1.95E0,-1.95E0));
#831=LINE('',#830,#829);
#832=DIRECTION('',(-1.E0,0.E0,0.E0));
#833=VECTOR('',#832,1.E-2);
#834=CARTESIAN_POINT('',(2.61E0,1.95E0,-1.95E0));
#835=LINE('',#834,#833);
#836=DIRECTION('',(0.E0,0.E0,-1.E0));
#837=VECTOR('',#836,3.9E0);
#838=CARTESIAN_POINT('',(2.61E0,-1.95E0,1.95E0));
#839=LINE('',#838,#837);
#840=DIRECTION('',(-1.E0,0.E0,0.E0));
#841=VECTOR('',#840,1.E-2);
#842=CARTESIAN_POINT('',(2.61E0,-1.95E0,-1.95E0));
#843=LINE('',#842,#841);
#844=DIRECTION('',(0.E0,-1.E0,0.E0));
#845=VECTOR('',#844,3.9E0);
#846=CARTESIAN_POINT('',(2.61E0,1.95E0,1.95E0));
#847=LINE('',#846,#845);
#848=DIRECTION('',(-1.E0,0.E0,0.E0));
#849=VECTOR('',#848,1.E-2);
#850=CARTESIAN_POINT('',(2.61E0,-1.95E0,1.95E0));
#851=LINE('',#850,#849);
#852=DIRECTION('',(0.E0,0.E0,1.E0));
#853=VECTOR('',#852,3.9E0);
#854=CARTESIAN_POINT('',(2.61E0,1.95E0,-1.95E0));
#855=LINE('',#854,#853);
#856=DIRECTION('',(-1.E0,0.E0,0.E0));
#857=VECTOR('',#856,1.E-2);
#858=CARTESIAN_POINT('',(2.61E0,1.95E0,1.95E0));
#859=LINE('',#858,#857);
#860=DIRECTION('',(0.E0,1.E0,0.E0));
#861=VECTOR('',#860,2.E-1);
#862=CARTESIAN_POINT('',(2.61E0,-2.25E0,1.E0));
#863=LINE('',#862,#861);
#864=DIRECTION('',(0.E0,0.E0,-1.E0));
#865=VECTOR('',#864,2.E0);
#866=CARTESIAN_POINT('',(2.61E0,-2.05E0,1.E0));
#867=LINE('',#866,#865);
#868=DIRECTION('',(0.E0,-1.E0,0.E0));
#869=VECTOR('',#868,2.E-1);
#870=CARTESIAN_POINT('',(2.61E0,-2.05E0,-1.E0));
#871=LINE('',#870,#869);
#872=CARTESIAN_POINT('',(2.61E0,-1.95E0,-1.95E0));
#873=DIRECTION('',(1.E0,0.E0,0.E0));
#874=DIRECTION('',(0.E0,-1.E0,0.E0));
#875=AXIS2_PLACEMENT_3D('',#872,#873,#874);
#877=DIRECTION('',(0.E0,0.E0,1.E0));
#878=VECTOR('',#877,2.E-1);
#879=CARTESIAN_POINT('',(2.61E0,-1.E0,-2.25E0));
#880=LINE('',#879,#878);
#881=DIRECTION('',(0.E0,1.E0,0.E0));
#882=VECTOR('',#881,2.E0);
#883=CARTESIAN_POINT('',(2.61E0,-1.E0,-2.05E0));
#884=LINE('',#883,#882);
#885=DIRECTION('',(0.E0,0.E0,-1.E0));
#886=VECTOR('',#885,2.E-1);
#887=CARTESIAN_POINT('',(2.61E0,1.E0,-2.05E0));
#888=LINE('',#887,#886);
#889=CARTESIAN_POINT('',(2.61E0,1.95E0,-1.95E0));
#890=DIRECTION('',(1.E0,0.E0,0.E0));
#891=DIRECTION('',(0.E0,0.E0,-1.E0));
#892=AXIS2_PLACEMENT_3D('',#889,#890,#891);
#894=DIRECTION('',(0.E0,-1.E0,0.E0));
#895=VECTOR('',#894,2.E-1);
#896=CARTESIAN_POINT('',(2.61E0,2.25E0,-1.E0));
#897=LINE('',#896,#895);
#898=DIRECTION('',(0.E0,0.E0,1.E0));
#899=VECTOR('',#898,2.E0);
#900=CARTESIAN_POINT('',(2.61E0,2.05E0,-1.E0));
#901=LINE('',#900,#899);
#902=DIRECTION('',(0.E0,1.E0,0.E0));
#903=VECTOR('',#902,2.E-1);
#904=CARTESIAN_POINT('',(2.61E0,2.05E0,1.E0));
#905=LINE('',#904,#903);
#906=CARTESIAN_POINT('',(2.61E0,1.95E0,1.95E0));
#907=DIRECTION('',(1.E0,0.E0,0.E0));
#908=DIRECTION('',(0.E0,1.E0,0.E0));
#909=AXIS2_PLACEMENT_3D('',#906,#907,#908);
#911=DIRECTION('',(0.E0,0.E0,-1.E0));
#912=VECTOR('',#911,2.E-1);
#913=CARTESIAN_POINT('',(2.61E0,1.E0,2.25E0));
#914=LINE('',#913,#912);
#915=DIRECTION('',(0.E0,-1.E0,0.E0));
#916=VECTOR('',#915,2.E0);
#917=CARTESIAN_POINT('',(2.61E0,1.E0,2.05E0));
#918=LINE('',#917,#916);
#919=DIRECTION('',(0.E0,0.E0,1.E0));
#920=VECTOR('',#919,2.E-1);
#921=CARTESIAN_POINT('',(2.61E0,-1.E0,2.05E0));
#922=LINE('',#921,#920);
#923=CARTESIAN_POINT('',(2.61E0,-1.95E0,1.95E0));
#924=DIRECTION('',(1.E0,0.E0,0.E0));
#925=DIRECTION('',(0.E0,0.E0,1.E0));
#926=AXIS2_PLACEMENT_3D('',#923,#924,#925);
#928=DIRECTION('',(1.E0,0.E0,0.E0));
#929=VECTOR('',#928,2.9E-1);
#930=CARTESIAN_POINT('',(2.61E0,-2.25E0,1.E0));
#931=LINE('',#930,#929);
#932=DIRECTION('',(0.E0,0.E0,1.E0));
#933=VECTOR('',#932,9.5E-1);
#934=CARTESIAN_POINT('',(2.61E0,-2.25E0,1.E0));
#935=LINE('',#934,#933);
#936=DIRECTION('',(1.E0,0.E0,0.E0));
#937=VECTOR('',#936,2.9E-1);
#938=CARTESIAN_POINT('',(2.61E0,-1.95E0,2.25E0));
#939=LINE('',#938,#937);
#940=DIRECTION('',(-1.E0,0.E0,0.E0));
#941=VECTOR('',#940,2.9E-1);
#942=CARTESIAN_POINT('',(2.9E0,-2.25E0,1.95E0));
#943=LINE('',#942,#941);
#944=DIRECTION('',(0.E0,1.E0,0.E0));
#945=VECTOR('',#944,9.5E-1);
#946=CARTESIAN_POINT('',(2.61E0,-1.95E0,2.25E0));
#947=LINE('',#946,#945);
#948=DIRECTION('',(1.E0,0.E0,0.E0));
#949=VECTOR('',#948,2.9E-1);
#950=CARTESIAN_POINT('',(2.61E0,-1.E0,2.25E0));
#951=LINE('',#950,#949);
#952=DIRECTION('',(1.E0,0.E0,0.E0));
#953=VECTOR('',#952,2.9E-1);
#954=CARTESIAN_POINT('',(2.61E0,-1.E0,2.05E0));
#955=LINE('',#954,#953);
#956=DIRECTION('',(0.E0,0.E0,1.E0));
#957=VECTOR('',#956,2.E-1);
#958=CARTESIAN_POINT('',(2.9E0,-1.E0,2.05E0));
#959=LINE('',#958,#957);
#960=DIRECTION('',(1.E0,0.E0,0.E0));
#961=VECTOR('',#960,2.9E-1);
#962=CARTESIAN_POINT('',(2.61E0,1.E0,2.05E0));
#963=LINE('',#962,#961);
#964=DIRECTION('',(0.E0,-1.E0,0.E0));
#965=VECTOR('',#964,2.E0);
#966=CARTESIAN_POINT('',(2.9E0,1.E0,2.05E0));
#967=LINE('',#966,#965);
#968=DIRECTION('',(1.E0,0.E0,0.E0));
#969=VECTOR('',#968,2.9E-1);
#970=CARTESIAN_POINT('',(2.61E0,1.E0,2.25E0));
#971=LINE('',#970,#969);
#972=DIRECTION('',(0.E0,1.E0,0.E0));
#973=VECTOR('',#972,9.5E-1);
#974=CARTESIAN_POINT('',(2.61E0,1.E0,2.25E0));
#975=LINE('',#974,#973);
#976=DIRECTION('',(1.E0,0.E0,0.E0));
#977=VECTOR('',#976,2.9E-1);
#978=CARTESIAN_POINT('',(2.61E0,2.25E0,1.95E0));
#979=LINE('',#978,#977);
#980=DIRECTION('',(-1.E0,0.E0,0.E0));
#981=VECTOR('',#980,2.9E-1);
#982=CARTESIAN_POINT('',(2.9E0,1.95E0,2.25E0));
#983=LINE('',#982,#981);
#984=DIRECTION('',(0.E0,0.E0,-1.E0));
#985=VECTOR('',#984,9.5E-1);
#986=CARTESIAN_POINT('',(2.61E0,2.25E0,1.95E0));
#987=LINE('',#986,#985);
#988=DIRECTION('',(1.E0,0.E0,0.E0));
#989=VECTOR('',#988,2.9E-1);
#990=CARTESIAN_POINT('',(2.61E0,2.25E0,1.E0));
#991=LINE('',#990,#989);
#992=DIRECTION('',(1.E0,0.E0,0.E0));
#993=VECTOR('',#992,2.9E-1);
#994=CARTESIAN_POINT('',(2.61E0,2.05E0,1.E0));
#995=LINE('',#994,#993);
#996=DIRECTION('',(0.E0,1.E0,0.E0));
#997=VECTOR('',#996,2.E-1);
#998=CARTESIAN_POINT('',(2.9E0,2.05E0,1.E0));
#999=LINE('',#998,#997);
#1000=DIRECTION('',(1.E0,0.E0,0.E0));
#1001=VECTOR('',#1000,2.9E-1);
#1002=CARTESIAN_POINT('',(2.61E0,2.05E0,-1.E0));
#1003=LINE('',#1002,#1001);
#1004=DIRECTION('',(0.E0,0.E0,1.E0));
#1005=VECTOR('',#1004,2.E0);
#1006=CARTESIAN_POINT('',(2.9E0,2.05E0,-1.E0));
#1007=LINE('',#1006,#1005);
#1008=DIRECTION('',(1.E0,0.E0,0.E0));
#1009=VECTOR('',#1008,2.9E-1);
#1010=CARTESIAN_POINT('',(2.61E0,2.25E0,-1.E0));
#1011=LINE('',#1010,#1009);
#1012=DIRECTION('',(0.E0,0.E0,-1.E0));
#1013=VECTOR('',#1012,9.5E-1);
#1014=CARTESIAN_POINT('',(2.61E0,2.25E0,-1.E0));
#1015=LINE('',#1014,#1013);
#1016=DIRECTION('',(1.E0,0.E0,0.E0));
#1017=VECTOR('',#1016,2.9E-1);
#1018=CARTESIAN_POINT('',(2.61E0,1.95E0,-2.25E0));
#1019=LINE('',#1018,#1017);
#1020=DIRECTION('',(-1.E0,0.E0,0.E0));
#1021=VECTOR('',#1020,2.9E-1);
#1022=CARTESIAN_POINT('',(2.9E0,2.25E0,-1.95E0));
#1023=LINE('',#1022,#1021);
#1024=DIRECTION('',(0.E0,-1.E0,0.E0));
#1025=VECTOR('',#1024,9.5E-1);
#1026=CARTESIAN_POINT('',(2.61E0,1.95E0,-2.25E0));
#1027=LINE('',#1026,#1025);
#1028=DIRECTION('',(1.E0,0.E0,0.E0));
#1029=VECTOR('',#1028,2.9E-1);
#1030=CARTESIAN_POINT('',(2.61E0,1.E0,-2.25E0));
#1031=LINE('',#1030,#1029);
#1032=DIRECTION('',(1.E0,0.E0,0.E0));
#1033=VECTOR('',#1032,2.9E-1);
#1034=CARTESIAN_POINT('',(2.61E0,1.E0,-2.05E0));
#1035=LINE('',#1034,#1033);
#1036=DIRECTION('',(0.E0,0.E0,-1.E0));
#1037=VECTOR('',#1036,2.E-1);
#1038=CARTESIAN_POINT('',(2.9E0,1.E0,-2.05E0));
#1039=LINE('',#1038,#1037);
#1040=DIRECTION('',(1.E0,0.E0,0.E0));
#1041=VECTOR('',#1040,2.9E-1);
#1042=CARTESIAN_POINT('',(2.61E0,-1.E0,-2.05E0));
#1043=LINE('',#1042,#1041);
#1044=DIRECTION('',(0.E0,1.E0,0.E0));
#1045=VECTOR('',#1044,2.E0);
#1046=CARTESIAN_POINT('',(2.9E0,-1.E0,-2.05E0));
#1047=LINE('',#1046,#1045);
#1048=DIRECTION('',(1.E0,0.E0,0.E0));
#1049=VECTOR('',#1048,2.9E-1);
#1050=CARTESIAN_POINT('',(2.61E0,-1.E0,-2.25E0));
#1051=LINE('',#1050,#1049);
#1052=DIRECTION('',(0.E0,-1.E0,0.E0));
#1053=VECTOR('',#1052,9.5E-1);
#1054=CARTESIAN_POINT('',(2.61E0,-1.E0,-2.25E0));
#1055=LINE('',#1054,#1053);
#1056=DIRECTION('',(1.E0,0.E0,0.E0));
#1057=VECTOR('',#1056,2.9E-1);
#1058=CARTESIAN_POINT('',(2.61E0,-2.25E0,-1.95E0));
#1059=LINE('',#1058,#1057);
#1060=DIRECTION('',(-1.E0,0.E0,0.E0));
#1061=VECTOR('',#1060,2.9E-1);
#1062=CARTESIAN_POINT('',(2.9E0,-1.95E0,-2.25E0));
#1063=LINE('',#1062,#1061);
#1064=DIRECTION('',(0.E0,0.E0,1.E0));
#1065=VECTOR('',#1064,9.5E-1);
#1066=CARTESIAN_POINT('',(2.61E0,-2.25E0,-1.95E0));
#1067=LINE('',#1066,#1065);
#1068=DIRECTION('',(1.E0,0.E0,0.E0));
#1069=VECTOR('',#1068,2.9E-1);
#1070=CARTESIAN_POINT('',(2.61E0,-2.25E0,-1.E0));
#1071=LINE('',#1070,#1069);
#1072=DIRECTION('',(1.E0,0.E0,0.E0));
#1073=VECTOR('',#1072,2.9E-1);
#1074=CARTESIAN_POINT('',(2.61E0,-2.05E0,-1.E0));
#1075=LINE('',#1074,#1073);
#1076=DIRECTION('',(0.E0,-1.E0,0.E0));
#1077=VECTOR('',#1076,2.E-1);
#1078=CARTESIAN_POINT('',(2.9E0,-2.05E0,-1.E0));
#1079=LINE('',#1078,#1077);
#1080=DIRECTION('',(1.E0,0.E0,0.E0));
#1081=VECTOR('',#1080,2.9E-1);
#1082=CARTESIAN_POINT('',(2.61E0,-2.05E0,1.E0));
#1083=LINE('',#1082,#1081);
#1084=DIRECTION('',(0.E0,0.E0,-1.E0));
#1085=VECTOR('',#1084,2.E0);
#1086=CARTESIAN_POINT('',(2.9E0,-2.05E0,1.E0));
#1087=LINE('',#1086,#1085);
#1088=CARTESIAN_POINT('',(2.9E0,-1.95E0,1.95E0));
#1089=DIRECTION('',(-1.E0,0.E0,0.E0));
#1090=DIRECTION('',(0.E0,-1.E0,0.E0));
#1091=AXIS2_PLACEMENT_3D('',#1088,#1089,#1090);
#1093=DIRECTION('',(0.E0,1.E0,0.E0));
#1094=VECTOR('',#1093,9.5E-1);
#1095=CARTESIAN_POINT('',(2.9E0,-1.95E0,2.25E0));
#1096=LINE('',#1095,#1094);
#1097=DIRECTION('',(0.E0,0.E0,1.E0));
#1098=VECTOR('',#1097,2.E-1);
#1099=CARTESIAN_POINT('',(2.9E0,1.E0,2.05E0));
#1100=LINE('',#1099,#1098);
#1101=DIRECTION('',(0.E0,1.E0,0.E0));
#1102=VECTOR('',#1101,9.5E-1);
#1103=CARTESIAN_POINT('',(2.9E0,1.E0,2.25E0));
#1104=LINE('',#1103,#1102);
#1105=CARTESIAN_POINT('',(2.9E0,1.95E0,1.95E0));
#1106=DIRECTION('',(-1.E0,0.E0,0.E0));
#1107=DIRECTION('',(0.E0,0.E0,1.E0));
#1108=AXIS2_PLACEMENT_3D('',#1105,#1106,#1107);
#1110=DIRECTION('',(0.E0,0.E0,-1.E0));
#1111=VECTOR('',#1110,9.5E-1);
#1112=CARTESIAN_POINT('',(2.9E0,2.25E0,1.95E0));
#1113=LINE('',#1112,#1111);
#1114=DIRECTION('',(0.E0,1.E0,0.E0));
#1115=VECTOR('',#1114,2.E-1);
#1116=CARTESIAN_POINT('',(2.9E0,2.05E0,-1.E0));
#1117=LINE('',#1116,#1115);
#1118=DIRECTION('',(0.E0,0.E0,-1.E0));
#1119=VECTOR('',#1118,9.5E-1);
#1120=CARTESIAN_POINT('',(2.9E0,2.25E0,-1.E0));
#1121=LINE('',#1120,#1119);
#1122=CARTESIAN_POINT('',(2.9E0,1.95E0,-1.95E0));
#1123=DIRECTION('',(-1.E0,0.E0,0.E0));
#1124=DIRECTION('',(0.E0,1.E0,0.E0));
#1125=AXIS2_PLACEMENT_3D('',#1122,#1123,#1124);
#1127=DIRECTION('',(0.E0,-1.E0,0.E0));
#1128=VECTOR('',#1127,9.5E-1);
#1129=CARTESIAN_POINT('',(2.9E0,1.95E0,-2.25E0));
#1130=LINE('',#1129,#1128);
#1131=DIRECTION('',(0.E0,0.E0,-1.E0));
#1132=VECTOR('',#1131,2.E-1);
#1133=CARTESIAN_POINT('',(2.9E0,-1.E0,-2.05E0));
#1134=LINE('',#1133,#1132);
#1135=DIRECTION('',(0.E0,-1.E0,0.E0));
#1136=VECTOR('',#1135,9.5E-1);
#1137=CARTESIAN_POINT('',(2.9E0,-1.E0,-2.25E0));
#1138=LINE('',#1137,#1136);
#1139=CARTESIAN_POINT('',(2.9E0,-1.95E0,-1.95E0));
#1140=DIRECTION('',(-1.E0,0.E0,0.E0));
#1141=DIRECTION('',(0.E0,0.E0,-1.E0));
#1142=AXIS2_PLACEMENT_3D('',#1139,#1140,#1141);
#1144=DIRECTION('',(0.E0,0.E0,1.E0));
#1145=VECTOR('',#1144,9.5E-1);
#1146=CARTESIAN_POINT('',(2.9E0,-2.25E0,-1.95E0));
#1147=LINE('',#1146,#1145);
#1148=DIRECTION('',(0.E0,-1.E0,0.E0));
#1149=VECTOR('',#1148,2.E-1);
#1150=CARTESIAN_POINT('',(2.9E0,-2.05E0,1.E0));
#1151=LINE('',#1150,#1149);
#1152=DIRECTION('',(0.E0,0.E0,1.E0));
#1153=VECTOR('',#1152,9.5E-1);
#1154=CARTESIAN_POINT('',(2.9E0,-2.25E0,1.E0));
#1155=LINE('',#1154,#1153);
#1156=CARTESIAN_POINT('',(2.9E0,1.65E0,-1.65E0));
#1157=DIRECTION('',(1.E0,0.E0,0.E0));
#1158=DIRECTION('',(0.E0,-1.E0,0.E0));
#1159=AXIS2_PLACEMENT_3D('',#1156,#1157,#1158);
#1161=CARTESIAN_POINT('',(2.9E0,1.65E0,-1.65E0));
#1162=DIRECTION('',(1.E0,0.E0,0.E0));
#1163=DIRECTION('',(0.E0,1.E0,0.E0));
#1164=AXIS2_PLACEMENT_3D('',#1161,#1162,#1163);
#1166=CARTESIAN_POINT('',(2.9E0,1.65E0,1.65E0));
#1167=DIRECTION('',(1.E0,0.E0,0.E0));
#1168=DIRECTION('',(0.E0,-1.E0,0.E0));
#1169=AXIS2_PLACEMENT_3D('',#1166,#1167,#1168);
#1171=CARTESIAN_POINT('',(2.9E0,1.65E0,1.65E0));
#1172=DIRECTION('',(1.E0,0.E0,0.E0));
#1173=DIRECTION('',(0.E0,1.E0,0.E0));
#1174=AXIS2_PLACEMENT_3D('',#1171,#1172,#1173);
#1176=CARTESIAN_POINT('',(2.9E0,-1.65E0,1.65E0));
#1177=DIRECTION('',(1.E0,0.E0,0.E0));
#1178=DIRECTION('',(0.E0,-1.E0,0.E0));
#1179=AXIS2_PLACEMENT_3D('',#1176,#1177,#1178);
#1181=CARTESIAN_POINT('',(2.9E0,-1.65E0,1.65E0));
#1182=DIRECTION('',(1.E0,0.E0,0.E0));
#1183=DIRECTION('',(0.E0,1.E0,0.E0));
#1184=AXIS2_PLACEMENT_3D('',#1181,#1182,#1183);
#1186=CARTESIAN_POINT('',(2.9E0,0.E0,0.E0));
#1187=DIRECTION('',(1.E0,0.E0,0.E0));
#1188=DIRECTION('',(0.E0,0.E0,-1.E0));
#1189=AXIS2_PLACEMENT_3D('',#1186,#1187,#1188);
#1191=CARTESIAN_POINT('',(2.9E0,0.E0,0.E0));
#1192=DIRECTION('',(1.E0,0.E0,0.E0));
#1193=DIRECTION('',(0.E0,0.E0,1.E0));
#1194=AXIS2_PLACEMENT_3D('',#1191,#1192,#1193);
#1196=CARTESIAN_POINT('',(2.9E0,-1.65E0,-1.65E0));
#1197=DIRECTION('',(1.E0,0.E0,0.E0));
#1198=DIRECTION('',(0.E0,-1.E0,0.E0));
#1199=AXIS2_PLACEMENT_3D('',#1196,#1197,#1198);
#1201=CARTESIAN_POINT('',(2.9E0,-1.65E0,-1.65E0));
#1202=DIRECTION('',(1.E0,0.E0,0.E0));
#1203=DIRECTION('',(0.E0,1.E0,0.E0));
#1204=AXIS2_PLACEMENT_3D('',#1201,#1202,#1203);
#1206=DIRECTION('',(-1.E0,2.730615733520E-10,-1.378719360897E-10));
#1207=VECTOR('',#1206,5.000000000012E-2);
#1208=CARTESIAN_POINT('',(2.95E0,1.999999999986E0,-1.650000000020E0));
#1209=LINE('',#1208,#1207);
#1210=CARTESIAN_POINT('',(2.95E0,1.65E0,-1.65E0));
#1211=DIRECTION('',(-1.E0,1.054344604621E-12,-1.288074719238E-12));
#1212=DIRECTION('',(1.054394666816E-12,1.E0,-1.138454410109E-10));
#1213=AXIS2_PLACEMENT_3D('',#1210,#1211,#1212);
#1215=CARTESIAN_POINT('',(2.95E0,1.550000000008E0,-1.650001248339E0));
#1216=DIRECTION('',(-1.288088736096E-12,-1.248338544373E-5,9.999999999221E-1));
#1217=DIRECTION('',(-1.055155962606E-12,-9.999999999221E-1,-1.248338544359E-5));
#1218=AXIS2_PLACEMENT_3D('',#1215,#1216,#1217);
#1220=CARTESIAN_POINT('',(3.199999999998E0,1.65E0,-1.65E0));
#1221=DIRECTION('',(-1.E0,1.054344604621E-12,-1.288074719238E-12));
#1222=DIRECTION('',(1.052482583595E-12,1.E0,-1.902906274559E-12));
#1223=AXIS2_PLACEMENT_3D('',#1220,#1221,#1222);
#1225=CARTESIAN_POINT('',(3.199999999998E0,1.65E0,-1.65E0));
#1226=DIRECTION('',(-1.E0,-1.053491575006E-12,1.288927748853E-12));
#1227=DIRECTION('',(1.052482583595E-12,-1.E0,1.907347129342E-12));
#1228=AXIS2_PLACEMENT_3D('',#1225,#1226,#1227);
#1230=CARTESIAN_POINT('',(2.95E0,1.65E0,-1.65E0));
#1231=DIRECTION('',(-1.E0,-1.053491575006E-12,1.288927748853E-12));
#1232=DIRECTION('',(1.053125840502E-12,-1.E0,-3.755725889018E-13));
#1233=AXIS2_PLACEMENT_3D('',#1230,#1231,#1232);
#1235=CARTESIAN_POINT('',(2.95E0,1.749999999992E0,-1.649998751661E0));
#1236=DIRECTION('',(-1.288942445780E-12,1.248338544334E-5,-9.999999999221E-1));
#1237=DIRECTION('',(-1.053379605766E-12,9.999999999221E-1,1.248338544359E-5));
#1238=AXIS2_PLACEMENT_3D('',#1235,#1236,#1237);
#1240=DIRECTION('',(-1.E0,-2.730615733520E-10,4.622968674528E-12));
#1241=VECTOR('',#1240,5.000000000012E-2);
#1242=CARTESIAN_POINT('',(2.95E0,1.300000000014E0,-1.65E0));
#1243=LINE('',#1242,#1241);
#1244=DIRECTION('',(-1.E0,2.730615733520E-10,-1.378808178739E-10));
#1245=VECTOR('',#1244,5.000000000012E-2);
#1246=CARTESIAN_POINT('',(2.95E0,1.999999999986E0,1.649999999980E0));
#1247=LINE('',#1246,#1245);
#1248=CARTESIAN_POINT('',(2.95E0,1.65E0,1.65E0));
#1249=DIRECTION('',(-1.E0,1.054344604621E-12,-1.288074719238E-12));
#1250=DIRECTION('',(1.054394666816E-12,1.E0,-1.138454410109E-10));
#1251=AXIS2_PLACEMENT_3D('',#1248,#1249,#1250);
#1253=CARTESIAN_POINT('',(2.95E0,1.550000000008E0,1.649998751661E0));
#1254=DIRECTION('',(-1.288088736096E-12,-1.248338544255E-5,9.999999999221E-1));
#1255=DIRECTION('',(-1.055155962606E-12,-9.999999999221E-1,-1.248338544271E-5));
#1256=AXIS2_PLACEMENT_3D('',#1253,#1254,#1255);
#1258=CARTESIAN_POINT('',(3.199999999998E0,1.65E0,1.65E0));
#1259=DIRECTION('',(-1.E0,1.054344604621E-12,-1.288074719238E-12));
#1260=DIRECTION('',(1.052482583595E-12,1.E0,-1.905126701951E-12));
#1261=AXIS2_PLACEMENT_3D('',#1258,#1259,#1260);
#1263=CARTESIAN_POINT('',(3.199999999998E0,1.65E0,1.65E0));
#1264=DIRECTION('',(-1.E0,-1.053491575006E-12,1.288927748853E-12));
#1265=DIRECTION('',(1.052482583595E-12,-1.E0,1.907347129342E-12));
#1266=AXIS2_PLACEMENT_3D('',#1263,#1264,#1265);
#1268=CARTESIAN_POINT('',(2.95E0,1.65E0,1.65E0));
#1269=DIRECTION('',(-1.E0,-1.053491575006E-12,1.288927748853E-12));
#1270=DIRECTION('',(1.053125840502E-12,-1.E0,-3.755725889018E-13));
#1271=AXIS2_PLACEMENT_3D('',#1268,#1269,#1270);
#1273=CARTESIAN_POINT('',(2.95E0,1.749999999992E0,1.650001248339E0));
#1274=DIRECTION('',(-1.288942445780E-12,1.248338544294E-5,-9.999999999221E-1));
#1275=DIRECTION('',(-1.053379605766E-12,9.999999999221E-1,1.248338544271E-5));
#1276=AXIS2_PLACEMENT_3D('',#1273,#1274,#1275);
#1278=DIRECTION('',(-1.E0,-2.730615733520E-10,4.614086890331E-12));
#1279=VECTOR('',#1278,5.000000000012E-2);
#1280=CARTESIAN_POINT('',(2.95E0,1.300000000014E0,1.65E0));
#1281=LINE('',#1280,#1279);
#1282=DIRECTION('',(-1.E0,2.730615733520E-10,-1.378808178739E-10));
#1283=VECTOR('',#1282,5.000000000012E-2);
#1284=CARTESIAN_POINT('',(2.95E0,-1.300000000014E0,1.649999999980E0));
#1285=LINE('',#1284,#1283);
#1286=CARTESIAN_POINT('',(2.95E0,-1.65E0,1.65E0));
#1287=DIRECTION('',(-1.E0,1.053491575006E-12,-1.288927748853E-12));
#1288=DIRECTION('',(1.053125840502E-12,1.E0,-1.138454410109E-10));
#1289=AXIS2_PLACEMENT_3D('',#1286,#1287,#1288);
#1291=CARTESIAN_POINT('',(2.95E0,-1.749999999992E0,1.649998751661E0));
#1292=DIRECTION('',(-1.288942445780E-12,-1.248338544334E-5,9.999999999221E-1));
#1293=DIRECTION('',(-1.053379605766E-12,-9.999999999221E-1,-1.248338544359E-5));
#1294=AXIS2_PLACEMENT_3D('',#1291,#1292,#1293);
#1296=CARTESIAN_POINT('',(3.199999999998E0,-1.65E0,1.65E0));
#1297=DIRECTION('',(-1.E0,1.053491575006E-12,-1.288927748853E-12));
#1298=DIRECTION('',(1.052482583595E-12,1.E0,-1.907347129342E-12));
#1299=AXIS2_PLACEMENT_3D('',#1296,#1297,#1298);
#1301=CARTESIAN_POINT('',(3.199999999998E0,-1.65E0,1.65E0));
#1302=DIRECTION('',(-1.E0,-1.054344604621E-12,1.288074719238E-12));
#1303=DIRECTION('',(1.052482583595E-12,-1.E0,1.902906274559E-12));
#1304=AXIS2_PLACEMENT_3D('',#1301,#1302,#1303);
#1306=CARTESIAN_POINT('',(2.95E0,-1.65E0,1.65E0));
#1307=DIRECTION('',(-1.E0,-1.054344604621E-12,1.288074719238E-12));
#1308=DIRECTION('',(1.054394666816E-12,-1.E0,-3.762070020587E-13));
#1309=AXIS2_PLACEMENT_3D('',#1306,#1307,#1308);
#1311=CARTESIAN_POINT('',(2.95E0,-1.550000000008E0,1.650001248339E0));
#1312=DIRECTION('',(-1.288088736096E-12,1.248338544373E-5,-9.999999999221E-1));
#1313=DIRECTION('',(-1.055155962606E-12,9.999999999221E-1,1.248338544359E-5));
#1314=AXIS2_PLACEMENT_3D('',#1311,#1312,#1313);
#1316=DIRECTION('',(-1.E0,-2.730615733520E-10,4.614086890331E-12));
#1317=VECTOR('',#1316,5.000000000012E-2);
#1318=CARTESIAN_POINT('',(2.95E0,-1.999999999986E0,1.65E0));
#1319=LINE('',#1318,#1317);
#1320=DIRECTION('',(1.E0,0.E0,0.E0));
#1321=VECTOR('',#1320,3.E-1);
#1322=CARTESIAN_POINT('',(2.6E0,0.E0,1.2E0));
#1323=LINE('',#1322,#1321);
#1324=DIRECTION('',(1.E0,0.E0,0.E0));
#1325=VECTOR('',#1324,3.E-1);
#1326=CARTESIAN_POINT('',(2.6E0,0.E0,-1.2E0));
#1327=LINE('',#1326,#1325);
#1328=CARTESIAN_POINT('',(2.6E0,0.E0,0.E0));
#1329=DIRECTION('',(-1.E0,0.E0,0.E0));
#1330=DIRECTION('',(0.E0,0.E0,1.E0));
#1331=AXIS2_PLACEMENT_3D('',#1328,#1329,#1330);
#1333=CARTESIAN_POINT('',(2.6E0,0.E0,0.E0));
#1334=DIRECTION('',(-1.E0,0.E0,0.E0));
#1335=DIRECTION('',(0.E0,0.E0,-1.E0));
#1336=AXIS2_PLACEMENT_3D('',#1333,#1334,#1335);
#1338=CARTESIAN_POINT('',(4.8E0,0.E0,0.E0));
#1339=DIRECTION('',(1.E0,0.E0,0.E0));
#1340=DIRECTION('',(0.E0,-1.E0,0.E0));
#1341=AXIS2_PLACEMENT_3D('',#1338,#1339,#1340);
#1343=DIRECTION('',(-1.E0,0.E0,-4.632003322084E-13));
#1344=VECTOR('',#1343,1.9E0);
#1345=CARTESIAN_POINT('',(4.8E0,1.15E0,1.301269434659E-12));
#1346=LINE('',#1345,#1344);
#1347=CARTESIAN_POINT('',(2.9E0,0.E0,0.E0));
#1348=DIRECTION('',(-1.E0,0.E0,0.E0));
#1349=DIRECTION('',(0.E0,1.E0,3.662511334464E-13));
#1350=AXIS2_PLACEMENT_3D('',#1347,#1348,#1349);
#1352=CARTESIAN_POINT('',(2.6E0,0.E0,0.E0));
#1353=DIRECTION('',(-1.E0,0.E0,0.E0));
#1354=DIRECTION('',(0.E0,0.E0,-1.E0));
#1355=AXIS2_PLACEMENT_3D('',#1352,#1353,#1354);
#1357=DIRECTION('',(1.E0,0.E0,0.E0));
#1358=VECTOR('',#1357,3.E-1);
#1359=CARTESIAN_POINT('',(2.6E0,0.E0,1.15E0));
#1360=LINE('',#1359,#1358);
#1361=DIRECTION('',(1.E0,0.E0,-6.640026580231E-13));
#1362=VECTOR('',#1361,1.9E0);
#1363=CARTESIAN_POINT('',(2.9E0,-1.15E0,0.E0));
#1364=LINE('',#1363,#1362);
#1365=CARTESIAN_POINT('',(4.8E0,-9.5E-1,-4.193746044878E-13));
#1366=DIRECTION('',(0.E0,4.414472259961E-13,-1.E0));
#1367=DIRECTION('',(1.E0,0.E0,0.E0));
#1368=AXIS2_PLACEMENT_3D('',#1365,#1366,#1367);
#1370=CARTESIAN_POINT('',(5.E0,0.E0,0.E0));
#1371=DIRECTION('',(1.E0,0.E0,0.E0));
#1372=DIRECTION('',(0.E0,1.E0,3.451649368839E-14));
#1373=AXIS2_PLACEMENT_3D('',#1370,#1371,#1372);
#1375=CARTESIAN_POINT('',(5.E0,0.E0,0.E0));
#1376=DIRECTION('',(1.E0,0.E0,0.E0));
#1377=DIRECTION('',(0.E0,-1.E0,0.E0));
#1378=AXIS2_PLACEMENT_3D('',#1375,#1376,#1377);
#1380=CARTESIAN_POINT('',(4.8E0,9.5E-1,4.521643476307E-13));
#1381=DIRECTION('',(0.E0,-4.759630189977E-13,1.E0));
#1382=DIRECTION('',(1.E0,0.E0,0.E0));
#1383=AXIS2_PLACEMENT_3D('',#1380,#1381,#1382);
#1385=CARTESIAN_POINT('',(4.8E0,0.E0,0.E0));
#1386=DIRECTION('',(1.E0,0.E0,0.E0));
#1387=DIRECTION('',(0.E0,1.E0,3.451649368839E-14));
#1388=AXIS2_PLACEMENT_3D('',#1385,#1386,#1387);
#1390=CARTESIAN_POINT('',(2.9E0,0.E0,0.E0));
#1391=DIRECTION('',(-1.E0,0.E0,0.E0));
#1392=DIRECTION('',(0.E0,-1.E0,0.E0));
#1393=AXIS2_PLACEMENT_3D('',#1390,#1391,#1392);
#1395=CARTESIAN_POINT('',(2.6E0,0.E0,0.E0));
#1396=DIRECTION('',(-1.E0,0.E0,0.E0));
#1397=DIRECTION('',(0.E0,0.E0,1.E0));
#1398=AXIS2_PLACEMENT_3D('',#1395,#1396,#1397);
#1400=DIRECTION('',(1.E0,0.E0,0.E0));
#1401=VECTOR('',#1400,3.E-1);
#1402=CARTESIAN_POINT('',(2.6E0,0.E0,-1.15E0));
#1403=LINE('',#1402,#1401);
#1404=DIRECTION('',(-1.E0,2.730615733520E-10,-1.378719360897E-10));
#1405=VECTOR('',#1404,5.000000000012E-2);
#1406=CARTESIAN_POINT('',(2.95E0,-1.300000000014E0,-1.650000000020E0));
#1407=LINE('',#1406,#1405);
#1408=CARTESIAN_POINT('',(2.95E0,-1.65E0,-1.65E0));
#1409=DIRECTION('',(-1.E0,1.053491575006E-12,-1.288927748853E-12));
#1410=DIRECTION('',(1.053125840502E-12,1.E0,-1.138460754240E-10));
#1411=AXIS2_PLACEMENT_3D('',#1408,#1409,#1410);
#1413=CARTESIAN_POINT('',(2.95E0,-1.749999999992E0,-1.650001248339E0));
#1414=DIRECTION('',(-1.288942445780E-12,-1.248338544294E-5,9.999999999221E-1));
#1415=DIRECTION('',(-1.053379605766E-12,-9.999999999221E-1,-1.248338544271E-5));
#1416=AXIS2_PLACEMENT_3D('',#1413,#1414,#1415);
#1418=CARTESIAN_POINT('',(3.199999999998E0,-1.65E0,-1.65E0));
#1419=DIRECTION('',(-1.E0,1.053491575006E-12,-1.288927748853E-12));
#1420=DIRECTION('',(1.052482583595E-12,1.E0,-1.907347129342E-12));
#1421=AXIS2_PLACEMENT_3D('',#1418,#1419,#1420);
#1423=CARTESIAN_POINT('',(3.199999999998E0,-1.65E0,-1.65E0));
#1424=DIRECTION('',(-1.E0,-1.054344604621E-12,1.288074719238E-12));
#1425=DIRECTION('',(1.052482583595E-12,-1.E0,1.905126701951E-12));
#1426=AXIS2_PLACEMENT_3D('',#1423,#1424,#1425);
#1428=CARTESIAN_POINT('',(2.95E0,-1.65E0,-1.65E0));
#1429=DIRECTION('',(-1.E0,-1.054344604621E-12,1.288074719238E-12));
#1430=DIRECTION('',(1.054394666816E-12,-1.E0,-3.755725889018E-13));
#1431=AXIS2_PLACEMENT_3D('',#1428,#1429,#1430);
#1433=CARTESIAN_POINT('',(2.95E0,-1.550000000008E0,-1.649998751661E0));
#1434=DIRECTION('',(-1.288088736096E-12,1.248338544255E-5,-9.999999999221E-1));
#1435=DIRECTION('',(-1.055155962606E-12,9.999999999221E-1,1.248338544271E-5));
#1436=AXIS2_PLACEMENT_3D('',#1433,#1434,#1435);
#1438=DIRECTION('',(-1.E0,-2.730615733520E-10,4.622968674528E-12));
#1439=VECTOR('',#1438,5.000000000012E-2);
#1440=CARTESIAN_POINT('',(2.95E0,-1.999999999986E0,-1.65E0));
#1441=LINE('',#1440,#1439);
#1442=CARTESIAN_POINT('',(0.E0,-1.95E0,2.25E0));
#1443=CARTESIAN_POINT('',(0.E0,-2.25E0,1.95E0));
#1444=VERTEX_POINT('',#1442);
#1445=VERTEX_POINT('',#1443);
#1446=CARTESIAN_POINT('',(0.E0,-2.25E0,1.25E0));
#1447=VERTEX_POINT('',#1446);
#1448=CARTESIAN_POINT('',(0.E0,-1.25E0,1.25E0));
#1449=VERTEX_POINT('',#1448);
#1450=CARTESIAN_POINT('',(0.E0,-1.25E0,2.25E0));
#1451=VERTEX_POINT('',#1450);
#1452=CARTESIAN_POINT('',(0.E0,2.25E0,1.95E0));
#1453=CARTESIAN_POINT('',(0.E0,1.95E0,2.25E0));
#1454=VERTEX_POINT('',#1452);
#1455=VERTEX_POINT('',#1453);
#1456=CARTESIAN_POINT('',(0.E0,1.25E0,2.25E0));
#1457=VERTEX_POINT('',#1456);
#1458=CARTESIAN_POINT('',(0.E0,1.25E0,1.25E0));
#1459=VERTEX_POINT('',#1458);
#1460=CARTESIAN_POINT('',(0.E0,2.25E0,1.25E0));
#1461=VERTEX_POINT('',#1460);
#1462=CARTESIAN_POINT('',(0.E0,1.95E0,-2.25E0));
#1463=CARTESIAN_POINT('',(0.E0,2.25E0,-1.95E0));
#1464=VERTEX_POINT('',#1462);
#1465=VERTEX_POINT('',#1463);
#1466=CARTESIAN_POINT('',(0.E0,2.25E0,-1.25E0));
#1467=VERTEX_POINT('',#1466);
#1468=CARTESIAN_POINT('',(0.E0,1.25E0,-1.25E0));
#1469=VERTEX_POINT('',#1468);
#1470=CARTESIAN_POINT('',(0.E0,1.25E0,-2.25E0));
#1471=VERTEX_POINT('',#1470);
#1472=CARTESIAN_POINT('',(0.E0,-2.25E0,-1.95E0));
#1473=CARTESIAN_POINT('',(0.E0,-1.95E0,-2.25E0));
#1474=VERTEX_POINT('',#1472);
#1475=VERTEX_POINT('',#1473);
#1476=CARTESIAN_POINT('',(0.E0,-1.25E0,-2.25E0));
#1477=VERTEX_POINT('',#1476);
#1478=CARTESIAN_POINT('',(0.E0,-1.25E0,-1.25E0));
#1479=VERTEX_POINT('',#1478);
#1480=CARTESIAN_POINT('',(0.E0,-2.25E0,-1.25E0));
#1481=VERTEX_POINT('',#1480);
#1482=CARTESIAN_POINT('',(2.6E0,-2.25E0,1.95E0));
#1483=CARTESIAN_POINT('',(2.6E0,-1.95E0,2.25E0));
#1484=VERTEX_POINT('',#1482);
#1485=VERTEX_POINT('',#1483);
#1486=CARTESIAN_POINT('',(2.61E0,-1.95E0,2.25E0));
#1487=CARTESIAN_POINT('',(2.61E0,-2.25E0,1.95E0));
#1488=VERTEX_POINT('',#1486);
#1489=VERTEX_POINT('',#1487);
#1490=CARTESIAN_POINT('',(2.9E0,-1.95E0,2.25E0));
#1491=VERTEX_POINT('',#1490);
#1492=CARTESIAN_POINT('',(2.9E0,-2.25E0,1.95E0));
#1493=VERTEX_POINT('',#1492);
#1494=CARTESIAN_POINT('',(2.6E0,1.95E0,2.25E0));
#1495=VERTEX_POINT('',#1494);
#1496=CARTESIAN_POINT('',(2.6E0,2.25E0,1.95E0));
#1497=VERTEX_POINT('',#1496);
#1498=CARTESIAN_POINT('',(2.6E0,2.25E0,-1.95E0));
#1499=VERTEX_POINT('',#1498);
#1500=CARTESIAN_POINT('',(2.6E0,1.95E0,-2.25E0));
#1501=VERTEX_POINT('',#1500);
#1502=CARTESIAN_POINT('',(2.6E0,-1.95E0,-2.25E0));
#1503=VERTEX_POINT('',#1502);
#1504=CARTESIAN_POINT('',(2.6E0,-2.25E0,-1.95E0));
#1505=VERTEX_POINT('',#1504);
#1506=CARTESIAN_POINT('',(2.6E0,-1.95E0,-1.95E0));
#1507=CARTESIAN_POINT('',(2.6E0,1.95E0,-1.95E0));
#1508=VERTEX_POINT('',#1506);
#1509=VERTEX_POINT('',#1507);
#1510=CARTESIAN_POINT('',(2.6E0,1.95E0,1.95E0));
#1511=VERTEX_POINT('',#1510);
#1512=CARTESIAN_POINT('',(2.6E0,-1.95E0,1.95E0));
#1513=VERTEX_POINT('',#1512);
#1514=CARTESIAN_POINT('',(2.61E0,-1.95E0,-1.95E0));
#1515=VERTEX_POINT('',#1514);
#1516=CARTESIAN_POINT('',(2.61E0,1.95E0,-1.95E0));
#1517=VERTEX_POINT('',#1516);
#1518=CARTESIAN_POINT('',(2.61E0,-1.95E0,1.95E0));
#1519=VERTEX_POINT('',#1518);
#1520=CARTESIAN_POINT('',(2.61E0,1.95E0,1.95E0));
#1521=VERTEX_POINT('',#1520);
#1522=CARTESIAN_POINT('',(2.61E0,-2.25E0,1.E0));
#1523=CARTESIAN_POINT('',(2.61E0,-2.05E0,1.E0));
#1524=VERTEX_POINT('',#1522);
#1525=VERTEX_POINT('',#1523);
#1526=CARTESIAN_POINT('',(2.61E0,-2.05E0,-1.E0));
#1527=VERTEX_POINT('',#1526);
#1528=CARTESIAN_POINT('',(2.61E0,-2.25E0,-1.E0));
#1529=VERTEX_POINT('',#1528);
#1530=CARTESIAN_POINT('',(2.61E0,-2.25E0,-1.95E0));
#1531=VERTEX_POINT('',#1530);
#1532=CARTESIAN_POINT('',(2.61E0,-1.95E0,-2.25E0));
#1533=VERTEX_POINT('',#1532);
#1534=CARTESIAN_POINT('',(2.61E0,-1.E0,-2.25E0));
#1535=VERTEX_POINT('',#1534);
#1536=CARTESIAN_POINT('',(2.61E0,-1.E0,-2.05E0));
#1537=VERTEX_POINT('',#1536);
#1538=CARTESIAN_POINT('',(2.61E0,1.E0,-2.05E0));
#1539=VERTEX_POINT('',#1538);
#1540=CARTESIAN_POINT('',(2.61E0,1.E0,-2.25E0));
#1541=VERTEX_POINT('',#1540);
#1542=CARTESIAN_POINT('',(2.61E0,1.95E0,-2.25E0));
#1543=VERTEX_POINT('',#1542);
#1544=CARTESIAN_POINT('',(2.61E0,2.25E0,-1.95E0));
#1545=VERTEX_POINT('',#1544);
#1546=CARTESIAN_POINT('',(2.61E0,2.25E0,-1.E0));
#1547=VERTEX_POINT('',#1546);
#1548=CARTESIAN_POINT('',(2.61E0,2.05E0,-1.E0));
#1549=VERTEX_POINT('',#1548);
#1550=CARTESIAN_POINT('',(2.61E0,2.05E0,1.E0));
#1551=VERTEX_POINT('',#1550);
#1552=CARTESIAN_POINT('',(2.61E0,2.25E0,1.E0));
#1553=VERTEX_POINT('',#1552);
#1554=CARTESIAN_POINT('',(2.61E0,2.25E0,1.95E0));
#1555=VERTEX_POINT('',#1554);
#1556=CARTESIAN_POINT('',(2.61E0,1.95E0,2.25E0));
#1557=VERTEX_POINT('',#1556);
#1558=CARTESIAN_POINT('',(2.61E0,1.E0,2.25E0));
#1559=VERTEX_POINT('',#1558);
#1560=CARTESIAN_POINT('',(2.61E0,1.E0,2.05E0));
#1561=VERTEX_POINT('',#1560);
#1562=CARTESIAN_POINT('',(2.61E0,-1.E0,2.05E0));
#1563=VERTEX_POINT('',#1562);
#1564=CARTESIAN_POINT('',(2.61E0,-1.E0,2.25E0));
#1565=VERTEX_POINT('',#1564);
#1566=CARTESIAN_POINT('',(2.9E0,-2.25E0,1.E0));
#1567=VERTEX_POINT('',#1566);
#1568=CARTESIAN_POINT('',(2.9E0,-2.05E0,1.E0));
#1569=VERTEX_POINT('',#1568);
#1570=CARTESIAN_POINT('',(3.E-1,-2.25E0,-1.25E0));
#1571=VERTEX_POINT('',#1570);
#1572=CARTESIAN_POINT('',(3.E-1,-2.25E0,1.25E0));
#1573=VERTEX_POINT('',#1572);
#1574=CARTESIAN_POINT('',(8.000163498201E-1,-2.25E0,1.15E0));
#1575=CARTESIAN_POINT('',(8.E-1,-2.25E0,1.85E0));
#1576=VERTEX_POINT('',#1574);
#1577=VERTEX_POINT('',#1575);
#1578=CARTESIAN_POINT('',(1.1E0,-2.25E0,1.15E0));
#1579=VERTEX_POINT('',#1578);
#1580=CARTESIAN_POINT('',(1.1E0,-2.25E0,1.85E0));
#1581=VERTEX_POINT('',#1580);
#1582=CARTESIAN_POINT('',(1.1E0,-2.25E0,-1.15E0));
#1583=CARTESIAN_POINT('',(1.1E0,-2.25E0,-1.85E0));
#1584=VERTEX_POINT('',#1582);
#1585=VERTEX_POINT('',#1583);
#1586=CARTESIAN_POINT('',(8.000163498201E-1,-2.25E0,-1.15E0));
#1587=VERTEX_POINT('',#1586);
#1588=CARTESIAN_POINT('',(8.E-1,-2.25E0,-1.85E0));
#1589=VERTEX_POINT('',#1588);
#1590=CARTESIAN_POINT('',(2.9E0,-2.25E0,-1.E0));
#1591=VERTEX_POINT('',#1590);
#1592=CARTESIAN_POINT('',(2.9E0,-2.25E0,-1.95E0));
#1593=VERTEX_POINT('',#1592);
#1594=CARTESIAN_POINT('',(7.543577871352E-1,-2.299809734905E0,-1.15E0));
#1595=VERTEX_POINT('',#1594);
#1596=CARTESIAN_POINT('',(7.544418870255E-1,-2.299802377118E0,-1.85E0));
#1597=VERTEX_POINT('',#1596);
#1598=CARTESIAN_POINT('',(7.543577871352E-1,-2.299809734905E0,1.15E0));
#1599=VERTEX_POINT('',#1598);
#1600=VERTEX_POINT('',#649);
#1601=CARTESIAN_POINT('',(3.651377029009E-1,-2.333862079892E0,-1.15E0));
#1602=VERTEX_POINT('',#1601);
#1603=CARTESIAN_POINT('',(7.805045099655E-1,-2.598668144332E0,-1.15E0));
#1604=VERTEX_POINT('',#1603);
#1605=CARTESIAN_POINT('',(3.912844257270E-1,-2.632720489319E0,-1.15E0));
#1606=VERTEX_POINT('',#1605);
#1607=CARTESIAN_POINT('',(3.E-1,-2.732339959129E0,-1.15E0));
#1608=VERTEX_POINT('',#1607);
#1609=CARTESIAN_POINT('',(3.E-1,-3.25E0,-1.15E0));
#1610=VERTEX_POINT('',#1609);
#1611=CARTESIAN_POINT('',(0.E0,-3.25E0,-1.15E0));
#1612=VERTEX_POINT('',#1611);
#1613=CARTESIAN_POINT('',(0.E0,-2.732339959129E0,-1.15E0));
#1614=VERTEX_POINT('',#1613);
#1615=CARTESIAN_POINT('',(3.651377029009E-1,-2.333862079892E0,-1.85E0));
#1616=VERTEX_POINT('',#1615);
#1617=CARTESIAN_POINT('',(3.651377029009E-1,-2.333862079892E0,1.15E0));
#1618=VERTEX_POINT('',#1617);
#1619=CARTESIAN_POINT('',(3.651377029009E-1,-2.333862079892E0,1.85E0));
#1620=VERTEX_POINT('',#1619);
#1621=CARTESIAN_POINT('',(0.E0,-2.732339959129E0,-1.85E0));
#1622=VERTEX_POINT('',#1621);
#1623=CARTESIAN_POINT('',(0.E0,-2.732339959129E0,1.15E0));
#1624=VERTEX_POINT('',#1623);
#1625=CARTESIAN_POINT('',(0.E0,-2.732339959129E0,1.85E0));
#1626=VERTEX_POINT('',#1625);
#1627=CARTESIAN_POINT('',(0.E0,-3.25E0,-1.85E0));
#1628=VERTEX_POINT('',#1627);
#1629=CARTESIAN_POINT('',(0.E0,-3.25E0,1.15E0));
#1630=VERTEX_POINT('',#1629);
#1631=CARTESIAN_POINT('',(0.E0,-3.25E0,1.85E0));
#1632=VERTEX_POINT('',#1631);
#1633=CARTESIAN_POINT('',(3.E-1,-3.25E0,-1.85E0));
#1634=VERTEX_POINT('',#1633);
#1635=CARTESIAN_POINT('',(3.E-1,-3.25E0,1.15E0));
#1636=VERTEX_POINT('',#1635);
#1637=CARTESIAN_POINT('',(3.E-1,-3.25E0,1.85E0));
#1638=VERTEX_POINT('',#1637);
#1639=CARTESIAN_POINT('',(3.E-1,-2.732339959129E0,-1.85E0));
#1640=VERTEX_POINT('',#1639);
#1641=CARTESIAN_POINT('',(3.E-1,-2.732339959129E0,1.15E0));
#1642=VERTEX_POINT('',#1641);
#1643=CARTESIAN_POINT('',(3.E-1,-2.732339959129E0,1.85E0));
#1644=VERTEX_POINT('',#1643);
#1645=CARTESIAN_POINT('',(3.912844257271E-1,-2.632720489319E0,-1.85E0));
#1646=VERTEX_POINT('',#1645);
#1647=CARTESIAN_POINT('',(3.912844257307E-1,-2.632720489319E0,1.15E0));
#1648=VERTEX_POINT('',#1647);
#1649=CARTESIAN_POINT('',(3.912844257308E-1,-2.632720489319E0,1.85E0));
#1650=VERTEX_POINT('',#1649);
#1651=CARTESIAN_POINT('',(7.805045099629E-1,-2.598668144332E0,-1.85E0));
#1652=VERTEX_POINT('',#1651);
#1653=CARTESIAN_POINT('',(7.805045099629E-1,-2.598668144332E0,1.15E0));
#1654=VERTEX_POINT('',#1653);
#1655=CARTESIAN_POINT('',(7.805045099629E-1,-2.598668144332E0,1.85E0));
#1656=VERTEX_POINT('',#1655);
#1657=CARTESIAN_POINT('',(1.1E0,2.25E0,-1.85E0));
#1658=CARTESIAN_POINT('',(8.000163498201E-1,2.25E0,-1.85E0));
#1659=VERTEX_POINT('',#1657);
#1660=VERTEX_POINT('',#1658);
#1661=CARTESIAN_POINT('',(7.805045099627E-1,2.598668144332E0,-1.85E0));
#1662=VERTEX_POINT('',#1661);
#1663=CARTESIAN_POINT('',(3.912844257264E-1,2.632720489319E0,-1.85E0));
#1664=VERTEX_POINT('',#1663);
#1665=CARTESIAN_POINT('',(3.E-1,2.732339959129E0,-1.85E0));
#1666=VERTEX_POINT('',#1665);
#1667=CARTESIAN_POINT('',(3.E-1,3.25E0,-1.85E0));
#1668=VERTEX_POINT('',#1667);
#1669=CARTESIAN_POINT('',(0.E0,3.25E0,-1.85E0));
#1670=VERTEX_POINT('',#1669);
#1671=CARTESIAN_POINT('',(0.E0,2.732339959129E0,-1.85E0));
#1672=VERTEX_POINT('',#1671);
#1673=CARTESIAN_POINT('',(3.651377029038E-1,2.333862079892E0,-1.85E0));
#1674=VERTEX_POINT('',#1673);
#1675=CARTESIAN_POINT('',(7.543577871372E-1,2.299809734905E0,-1.85E0));
#1676=VERTEX_POINT('',#1675);
#1677=CARTESIAN_POINT('',(3.E-1,2.25E0,1.25E0));
#1678=VERTEX_POINT('',#1677);
#1679=CARTESIAN_POINT('',(3.E-1,2.25E0,-1.25E0));
#1680=VERTEX_POINT('',#1679);
#1681=CARTESIAN_POINT('',(8.E-1,2.25E0,-1.15E0));
#1682=VERTEX_POINT('',#1681);
#1683=CARTESIAN_POINT('',(1.1E0,2.25E0,-1.15E0));
#1684=VERTEX_POINT('',#1683);
#1685=CARTESIAN_POINT('',(1.1E0,2.25E0,1.15E0));
#1686=CARTESIAN_POINT('',(1.1E0,2.25E0,1.85E0));
#1687=VERTEX_POINT('',#1685);
#1688=VERTEX_POINT('',#1686);
#1689=CARTESIAN_POINT('',(8.E-1,2.25E0,1.15E0));
#1690=VERTEX_POINT('',#1689);
#1691=CARTESIAN_POINT('',(8.000163498201E-1,2.25E0,1.85E0));
#1692=VERTEX_POINT('',#1691);
#1693=CARTESIAN_POINT('',(2.9E0,2.25E0,-1.95E0));
#1694=VERTEX_POINT('',#1693);
#1695=CARTESIAN_POINT('',(2.9E0,2.25E0,-1.E0));
#1696=VERTEX_POINT('',#1695);
#1697=CARTESIAN_POINT('',(2.9E0,2.25E0,1.E0));
#1698=VERTEX_POINT('',#1697);
#1699=CARTESIAN_POINT('',(2.9E0,2.25E0,1.95E0));
#1700=VERTEX_POINT('',#1699);
#1701=VERTEX_POINT('',#343);
#1702=VERTEX_POINT('',#478);
#1703=CARTESIAN_POINT('',(7.543577871372E-1,2.299809734905E0,1.85E0));
#1704=VERTEX_POINT('',#1703);
#1705=CARTESIAN_POINT('',(7.805045099627E-1,2.598668144332E0,-1.15E0));
#1706=VERTEX_POINT('',#1705);
#1707=CARTESIAN_POINT('',(3.651377029019E-1,2.333862079892E0,-1.15E0));
#1708=VERTEX_POINT('',#1707);
#1709=CARTESIAN_POINT('',(0.E0,2.732339959129E0,-1.15E0));
#1710=VERTEX_POINT('',#1709);
#1711=CARTESIAN_POINT('',(0.E0,3.25E0,-1.15E0));
#1712=VERTEX_POINT('',#1711);
#1713=CARTESIAN_POINT('',(3.E-1,3.25E0,-1.15E0));
#1714=VERTEX_POINT('',#1713);
#1715=CARTESIAN_POINT('',(3.E-1,2.732339959129E0,-1.15E0));
#1716=VERTEX_POINT('',#1715);
#1717=CARTESIAN_POINT('',(3.912844257288E-1,2.632720489320E0,-1.15E0));
#1718=VERTEX_POINT('',#1717);
#1719=CARTESIAN_POINT('',(7.805045099627E-1,2.598668144332E0,1.15E0));
#1720=VERTEX_POINT('',#1719);
#1721=CARTESIAN_POINT('',(7.805045099627E-1,2.598668144332E0,1.85E0));
#1722=VERTEX_POINT('',#1721);
#1723=CARTESIAN_POINT('',(3.912844257264E-1,2.632720489319E0,1.15E0));
#1724=VERTEX_POINT('',#1723);
#1725=CARTESIAN_POINT('',(3.912844257264E-1,2.632720489319E0,1.85E0));
#1726=VERTEX_POINT('',#1725);
#1727=CARTESIAN_POINT('',(3.E-1,2.732339959129E0,1.15E0));
#1728=VERTEX_POINT('',#1727);
#1729=CARTESIAN_POINT('',(3.E-1,2.732339959129E0,1.85E0));
#1730=VERTEX_POINT('',#1729);
#1731=CARTESIAN_POINT('',(3.E-1,3.25E0,1.15E0));
#1732=VERTEX_POINT('',#1731);
#1733=CARTESIAN_POINT('',(3.E-1,3.25E0,1.85E0));
#1734=VERTEX_POINT('',#1733);
#1735=CARTESIAN_POINT('',(0.E0,3.25E0,1.15E0));
#1736=VERTEX_POINT('',#1735);
#1737=CARTESIAN_POINT('',(0.E0,3.25E0,1.85E0));
#1738=VERTEX_POINT('',#1737);
#1739=CARTESIAN_POINT('',(0.E0,2.732339959129E0,1.15E0));
#1740=VERTEX_POINT('',#1739);
#1741=CARTESIAN_POINT('',(0.E0,2.732339959129E0,1.85E0));
#1742=VERTEX_POINT('',#1741);
#1743=CARTESIAN_POINT('',(3.651377029038E-1,2.333862079892E0,1.15E0));
#1744=VERTEX_POINT('',#1743);
#1745=CARTESIAN_POINT('',(3.651377029038E-1,2.333862079892E0,1.85E0));
#1746=VERTEX_POINT('',#1745);
#1747=CARTESIAN_POINT('',(2.9E0,1.95E0,2.25E0));
#1748=VERTEX_POINT('',#1747);
#1749=CARTESIAN_POINT('',(3.E-1,-1.25E0,2.25E0));
#1750=VERTEX_POINT('',#1749);
#1751=CARTESIAN_POINT('',(3.E-1,1.25E0,2.25E0));
#1752=VERTEX_POINT('',#1751);
#1753=CARTESIAN_POINT('',(2.9E0,1.E0,2.25E0));
#1754=VERTEX_POINT('',#1753);
#1755=CARTESIAN_POINT('',(2.9E0,-1.E0,2.25E0));
#1756=VERTEX_POINT('',#1755);
#1757=CARTESIAN_POINT('',(3.E-1,-1.25E0,1.25E0));
#1758=VERTEX_POINT('',#1757);
#1759=CARTESIAN_POINT('',(3.E-1,-1.25E0,-1.25E0));
#1760=VERTEX_POINT('',#1759);
#1761=CARTESIAN_POINT('',(3.E-1,-1.25E0,-2.25E0));
#1762=VERTEX_POINT('',#1761);
#1763=CARTESIAN_POINT('',(3.E-1,1.25E0,-2.25E0));
#1764=VERTEX_POINT('',#1763);
#1765=CARTESIAN_POINT('',(3.E-1,1.25E0,-1.25E0));
#1766=VERTEX_POINT('',#1765);
#1767=CARTESIAN_POINT('',(3.E-1,1.25E0,1.25E0));
#1768=VERTEX_POINT('',#1767);
#1769=CARTESIAN_POINT('',(2.9E0,-1.95E0,-2.25E0));
#1770=VERTEX_POINT('',#1769);
#1771=CARTESIAN_POINT('',(2.9E0,-1.E0,-2.25E0));
#1772=VERTEX_POINT('',#1771);
#1773=CARTESIAN_POINT('',(2.9E0,1.E0,-2.25E0));
#1774=VERTEX_POINT('',#1773);
#1775=CARTESIAN_POINT('',(2.9E0,1.95E0,-2.25E0));
#1776=VERTEX_POINT('',#1775);
#1777=CARTESIAN_POINT('',(2.9E0,-1.E0,2.05E0));
#1778=VERTEX_POINT('',#1777);
#1779=CARTESIAN_POINT('',(2.9E0,1.E0,2.05E0));
#1780=VERTEX_POINT('',#1779);
#1781=CARTESIAN_POINT('',(2.9E0,2.05E0,1.E0));
#1782=VERTEX_POINT('',#1781);
#1783=CARTESIAN_POINT('',(2.9E0,2.05E0,-1.E0));
#1784=VERTEX_POINT('',#1783);
#1785=CARTESIAN_POINT('',(2.9E0,1.E0,-2.05E0));
#1786=VERTEX_POINT('',#1785);
#1787=CARTESIAN_POINT('',(2.9E0,-1.E0,-2.05E0));
#1788=VERTEX_POINT('',#1787);
#1789=CARTESIAN_POINT('',(2.9E0,-2.05E0,-1.E0));
#1790=VERTEX_POINT('',#1789);
#1791=CARTESIAN_POINT('',(2.9E0,1.3E0,-1.65E0));
#1792=CARTESIAN_POINT('',(2.9E0,2.E0,-1.65E0));
#1793=VERTEX_POINT('',#1791);
#1794=VERTEX_POINT('',#1792);
#1795=CARTESIAN_POINT('',(2.9E0,1.3E0,1.65E0));
#1796=CARTESIAN_POINT('',(2.9E0,2.E0,1.65E0));
#1797=VERTEX_POINT('',#1795);
#1798=VERTEX_POINT('',#1796);
#1799=CARTESIAN_POINT('',(2.9E0,-2.E0,1.65E0));
#1800=CARTESIAN_POINT('',(2.9E0,-1.3E0,1.65E0));
#1801=VERTEX_POINT('',#1799);
#1802=VERTEX_POINT('',#1800);
#1803=CARTESIAN_POINT('',(2.9E0,0.E0,-1.2E0));
#1804=CARTESIAN_POINT('',(2.9E0,0.E0,1.2E0));
#1805=VERTEX_POINT('',#1803);
#1806=VERTEX_POINT('',#1804);
#1807=CARTESIAN_POINT('',(2.9E0,-2.E0,-1.65E0));
#1808=CARTESIAN_POINT('',(2.9E0,-1.3E0,-1.65E0));
#1809=VERTEX_POINT('',#1807);
#1810=VERTEX_POINT('',#1808);
#1811=CARTESIAN_POINT('',(2.950000000001E0,-1.3E0,-1.650000000040E0));
#1812=CARTESIAN_POINT('',(2.95E0,-2.E0,-1.65E0));
#1813=VERTEX_POINT('',#1811);
#1814=VERTEX_POINT('',#1812);
#1815=CARTESIAN_POINT('',(3.199999999999E0,-1.549999159725E0,-1.65E0));
#1816=CARTESIAN_POINT('',(3.199999999998E0,-1.750000840275E0,-1.65E0));
#1817=VERTEX_POINT('',#1815);
#1818=VERTEX_POINT('',#1816);
#1819=CARTESIAN_POINT('',(3.199999999999E0,-1.549999159725E0,1.65E0));
#1820=CARTESIAN_POINT('',(3.199999999998E0,-1.750000840275E0,1.65E0));
#1821=VERTEX_POINT('',#1819);
#1822=VERTEX_POINT('',#1820);
#1823=CARTESIAN_POINT('',(3.199999999999E0,1.750000840275E0,1.65E0));
#1824=CARTESIAN_POINT('',(3.199999999998E0,1.549999159725E0,1.65E0));
#1825=VERTEX_POINT('',#1823);
#1826=VERTEX_POINT('',#1824);
#1827=CARTESIAN_POINT('',(3.199999999999E0,1.750000840275E0,-1.65E0));
#1828=CARTESIAN_POINT('',(3.199999999998E0,1.549999159725E0,-1.65E0));
#1829=VERTEX_POINT('',#1827);
#1830=VERTEX_POINT('',#1828);
#1831=CARTESIAN_POINT('',(2.95E0,-1.300000000028E0,1.650004369185E0));
#1832=VERTEX_POINT('',#1831);
#1833=CARTESIAN_POINT('',(2.95E0,-2.E0,1.65E0));
#1834=VERTEX_POINT('',#1833);
#1835=CARTESIAN_POINT('',(2.95E0,1.999999999972E0,1.650004369185E0));
#1836=VERTEX_POINT('',#1835);
#1837=CARTESIAN_POINT('',(2.95E0,1.3E0,1.65E0));
#1838=VERTEX_POINT('',#1837);
#1839=CARTESIAN_POINT('',(2.95E0,1.999999999972E0,-1.649995630815E0));
#1840=VERTEX_POINT('',#1839);
#1841=CARTESIAN_POINT('',(2.95E0,1.3E0,-1.65E0));
#1842=VERTEX_POINT('',#1841);
#1843=CARTESIAN_POINT('',(2.6E0,0.E0,-1.2E0));
#1844=VERTEX_POINT('',#1843);
#1845=CARTESIAN_POINT('',(2.6E0,0.E0,1.2E0));
#1846=VERTEX_POINT('',#1845);
#1847=CARTESIAN_POINT('',(2.9E0,1.15E0,4.211888034633E-13));
#1848=CARTESIAN_POINT('',(2.9E0,0.E0,-1.15E0));
#1849=VERTEX_POINT('',#1847);
#1850=VERTEX_POINT('',#1848);
#1851=CARTESIAN_POINT('',(2.6E0,0.E0,-1.15E0));
#1852=VERTEX_POINT('',#1851);
#1853=CARTESIAN_POINT('',(2.6E0,0.E0,1.15E0));
#1854=CARTESIAN_POINT('',(2.9E0,0.E0,1.15E0));
#1855=VERTEX_POINT('',#1853);
#1856=VERTEX_POINT('',#1854);
#1857=CARTESIAN_POINT('',(2.9E0,-1.15E0,0.E0));
#1858=VERTEX_POINT('',#1857);
#1859=CARTESIAN_POINT('',(5.E0,9.5E-1,3.279066900397E-14));
#1860=CARTESIAN_POINT('',(5.E0,-9.5E-1,0.E0));
#1861=VERTEX_POINT('',#1859);
#1862=VERTEX_POINT('',#1860);
#1863=CARTESIAN_POINT('',(4.8E0,1.15E0,3.969396774165E-14));
#1864=CARTESIAN_POINT('',(4.8E0,-1.15E0,0.E0));
#1865=VERTEX_POINT('',#1863);
#1866=VERTEX_POINT('',#1864);
#1867=CARTESIAN_POINT('',(0.E0,0.E0,0.E0));
#1868=DIRECTION('',(1.E0,0.E0,0.E0));
#1869=DIRECTION('',(0.E0,1.E0,0.E0));
#1870=AXIS2_PLACEMENT_3D('',#1867,#1868,#1869);
#1871=PLANE('',#1870);
#1873=ORIENTED_EDGE('',*,*,#1872,.T.);
#1875=ORIENTED_EDGE('',*,*,#1874,.F.);
#1877=ORIENTED_EDGE('',*,*,#1876,.F.);
#1879=ORIENTED_EDGE('',*,*,#1878,.T.);
#1881=ORIENTED_EDGE('',*,*,#1880,.F.);
#1882=EDGE_LOOP('',(#1873,#1875,#1877,#1879,#1881));
#1883=FACE_OUTER_BOUND('',#1882,.F.);
#1885=CARTESIAN_POINT('',(2.913725164437E0,-1.95E0,1.95E0));
#1886=DIRECTION('',(-1.E0,0.E0,0.E0));
#1887=DIRECTION('',(0.E0,-1.E0,0.E0));
#1888=AXIS2_PLACEMENT_3D('',#1885,#1886,#1887);
#1889=CYLINDRICAL_SURFACE('',#1888,3.E-1);
#1891=ORIENTED_EDGE('',*,*,#1890,.F.);
#1893=ORIENTED_EDGE('',*,*,#1892,.T.);
#1894=ORIENTED_EDGE('',*,*,#1872,.F.);
#1896=ORIENTED_EDGE('',*,*,#1895,.T.);
#1897=EDGE_LOOP('',(#1891,#1893,#1894,#1896));
#1898=FACE_OUTER_BOUND('',#1897,.F.);
#1900=CARTESIAN_POINT('',(2.6E0,0.E0,0.E0));
#1901=DIRECTION('',(1.E0,0.E0,0.E0));
#1902=DIRECTION('',(0.E0,-1.E0,0.E0));
#1903=AXIS2_PLACEMENT_3D('',#1900,#1901,#1902);
#1904=PLANE('',#1903);
#1906=ORIENTED_EDGE('',*,*,#1905,.F.);
#1908=ORIENTED_EDGE('',*,*,#1907,.T.);
#1910=ORIENTED_EDGE('',*,*,#1909,.F.);
#1912=ORIENTED_EDGE('',*,*,#1911,.T.);
#1914=ORIENTED_EDGE('',*,*,#1913,.F.);
#1916=ORIENTED_EDGE('',*,*,#1915,.T.);
#1918=ORIENTED_EDGE('',*,*,#1917,.F.);
#1919=ORIENTED_EDGE('',*,*,#1890,.T.);
#1920=EDGE_LOOP('',(#1906,#1908,#1910,#1912,#1914,#1916,#1918,#1919));
#1921=FACE_OUTER_BOUND('',#1920,.F.);
#1923=ORIENTED_EDGE('',*,*,#1922,.T.);
#1925=ORIENTED_EDGE('',*,*,#1924,.T.);
#1927=ORIENTED_EDGE('',*,*,#1926,.T.);
#1929=ORIENTED_EDGE('',*,*,#1928,.T.);
#1930=EDGE_LOOP('',(#1923,#1925,#1927,#1929));
#1931=FACE_BOUND('',#1930,.F.);
#1933=CARTESIAN_POINT('',(0.E0,2.25E0,2.25E0));
#1934=DIRECTION('',(0.E0,0.E0,1.E0));
#1935=DIRECTION('',(0.E0,-1.E0,0.E0));
#1936=AXIS2_PLACEMENT_3D('',#1933,#1934,#1935);
#1937=PLANE('',#1936);
#1938=ORIENTED_EDGE('',*,*,#1905,.T.);
#1939=ORIENTED_EDGE('',*,*,#1895,.F.);
#1940=ORIENTED_EDGE('',*,*,#1880,.T.);
#1942=ORIENTED_EDGE('',*,*,#1941,.F.);
#1944=ORIENTED_EDGE('',*,*,#1943,.T.);
#1946=ORIENTED_EDGE('',*,*,#1945,.T.);
#1948=ORIENTED_EDGE('',*,*,#1947,.T.);
#1950=ORIENTED_EDGE('',*,*,#1949,.F.);
#1951=EDGE_LOOP('',(#1938,#1939,#1940,#1942,#1944,#1946,#1948,#1950));
#1952=FACE_OUTER_BOUND('',#1951,.F.);
#1954=CARTESIAN_POINT('',(0.E0,-1.25E0,1.25E0));
#1955=DIRECTION('',(0.E0,-1.E0,0.E0));
#1956=DIRECTION('',(0.E0,0.E0,1.E0));
#1957=AXIS2_PLACEMENT_3D('',#1954,#1955,#1956);
#1958=PLANE('',#1957);
#1959=ORIENTED_EDGE('',*,*,#1878,.F.);
#1961=ORIENTED_EDGE('',*,*,#1960,.F.);
#1963=ORIENTED_EDGE('',*,*,#1962,.F.);
#1964=ORIENTED_EDGE('',*,*,#1941,.T.);
#1965=EDGE_LOOP('',(#1959,#1961,#1963,#1964));
#1966=FACE_OUTER_BOUND('',#1965,.F.);
#1968=CARTESIAN_POINT('',(0.E0,-2.25E0,1.25E0));
#1969=DIRECTION('',(0.E0,0.E0,1.E0));
#1970=DIRECTION('',(0.E0,1.E0,0.E0));
#1971=AXIS2_PLACEMENT_3D('',#1968,#1969,#1970);
#1972=PLANE('',#1971);
#1973=ORIENTED_EDGE('',*,*,#1876,.T.);
#1975=ORIENTED_EDGE('',*,*,#1974,.F.);
#1977=ORIENTED_EDGE('',*,*,#1976,.F.);
#1978=ORIENTED_EDGE('',*,*,#1960,.T.);
#1979=EDGE_LOOP('',(#1973,#1975,#1977,#1978));
#1980=FACE_OUTER_BOUND('',#1979,.F.);
#1982=CARTESIAN_POINT('',(0.E0,-2.25E0,2.25E0));
#1983=DIRECTION('',(0.E0,-1.E0,0.E0));
#1984=DIRECTION('',(0.E0,0.E0,-1.E0));
#1985=AXIS2_PLACEMENT_3D('',#1982,#1983,#1984);
#1986=PLANE('',#1985);
#1987=ORIENTED_EDGE('',*,*,#1917,.T.);
#1989=ORIENTED_EDGE('',*,*,#1988,.F.);
#1991=ORIENTED_EDGE('',*,*,#1990,.T.);
#1993=ORIENTED_EDGE('',*,*,#1992,.F.);
#1995=ORIENTED_EDGE('',*,*,#1994,.T.);
#1996=ORIENTED_EDGE('',*,*,#1974,.T.);
#1997=ORIENTED_EDGE('',*,*,#1874,.T.);
#1998=ORIENTED_EDGE('',*,*,#1892,.F.);
#1999=EDGE_LOOP('',(#1987,#1989,#1991,#1993,#1995,#1996,#1997,#1998));
#2000=FACE_OUTER_BOUND('',#1999,.F.);
#2002=ORIENTED_EDGE('',*,*,#2001,.F.);
#2004=ORIENTED_EDGE('',*,*,#2003,.F.);
#2006=ORIENTED_EDGE('',*,*,#2005,.F.);
#2008=ORIENTED_EDGE('',*,*,#2007,.T.);
#2009=EDGE_LOOP('',(#2002,#2004,#2006,#2008));
#2010=FACE_BOUND('',#2009,.F.);
#2012=ORIENTED_EDGE('',*,*,#2011,.F.);
#2014=ORIENTED_EDGE('',*,*,#2013,.T.);
#2016=ORIENTED_EDGE('',*,*,#2015,.F.);
#2018=ORIENTED_EDGE('',*,*,#2017,.F.);
#2019=EDGE_LOOP('',(#2012,#2014,#2016,#2018));
#2020=FACE_BOUND('',#2019,.F.);
#2022=CARTESIAN_POINT('',(2.913725164437E0,-1.95E0,-1.95E0));
#2023=DIRECTION('',(-1.E0,0.E0,0.E0));
#2024=DIRECTION('',(0.E0,0.E0,-1.E0));
#2025=AXIS2_PLACEMENT_3D('',#2022,#2023,#2024);
#2026=CYLINDRICAL_SURFACE('',#2025,3.E-1);
#2027=ORIENTED_EDGE('',*,*,#1915,.F.);
#2029=ORIENTED_EDGE('',*,*,#2028,.T.);
#2031=ORIENTED_EDGE('',*,*,#2030,.F.);
#2032=ORIENTED_EDGE('',*,*,#1988,.T.);
#2033=EDGE_LOOP('',(#2027,#2029,#2031,#2032));
#2034=FACE_OUTER_BOUND('',#2033,.F.);
#2036=CARTESIAN_POINT('',(0.E0,-2.25E0,-2.25E0));
#2037=DIRECTION('',(0.E0,0.E0,-1.E0));
#2038=DIRECTION('',(0.E0,1.E0,0.E0));
#2039=AXIS2_PLACEMENT_3D('',#2036,#2037,#2038);
#2040=PLANE('',#2039);
#2041=ORIENTED_EDGE('',*,*,#1913,.T.);
#2043=ORIENTED_EDGE('',*,*,#2042,.F.);
#2045=ORIENTED_EDGE('',*,*,#2044,.T.);
#2047=ORIENTED_EDGE('',*,*,#2046,.F.);
#2049=ORIENTED_EDGE('',*,*,#2048,.T.);
#2051=ORIENTED_EDGE('',*,*,#2050,.T.);
#2053=ORIENTED_EDGE('',*,*,#2052,.T.);
#2054=ORIENTED_EDGE('',*,*,#2028,.F.);
#2055=EDGE_LOOP('',(#2041,#2043,#2045,#2047,#2049,#2051,#2053,#2054));
#2056=FACE_OUTER_BOUND('',#2055,.F.);
#2058=CARTESIAN_POINT('',(2.913725164437E0,1.95E0,-1.95E0));
#2059=DIRECTION('',(-1.E0,0.E0,0.E0));
#2060=DIRECTION('',(0.E0,1.E0,0.E0));
#2061=AXIS2_PLACEMENT_3D('',#2058,#2059,#2060);
#2062=CYLINDRICAL_SURFACE('',#2061,3.E-1);
#2063=ORIENTED_EDGE('',*,*,#1911,.F.);
#2065=ORIENTED_EDGE('',*,*,#2064,.T.);
#2067=ORIENTED_EDGE('',*,*,#2066,.F.);
#2068=ORIENTED_EDGE('',*,*,#2042,.T.);
#2069=EDGE_LOOP('',(#2063,#2065,#2067,#2068));
#2070=FACE_OUTER_BOUND('',#2069,.F.);
#2072=CARTESIAN_POINT('',(0.E0,2.25E0,-2.25E0));
#2073=DIRECTION('',(0.E0,1.E0,0.E0));
#2074=DIRECTION('',(0.E0,0.E0,1.E0));
#2075=AXIS2_PLACEMENT_3D('',#2072,#2073,#2074);
#2076=PLANE('',#2075);
#2077=ORIENTED_EDGE('',*,*,#1909,.T.);
#2079=ORIENTED_EDGE('',*,*,#2078,.F.);
#2081=ORIENTED_EDGE('',*,*,#2080,.T.);
#2083=ORIENTED_EDGE('',*,*,#2082,.F.);
#2085=ORIENTED_EDGE('',*,*,#2084,.T.);
#2087=ORIENTED_EDGE('',*,*,#2086,.T.);
#2089=ORIENTED_EDGE('',*,*,#2088,.T.);
#2090=ORIENTED_EDGE('',*,*,#2064,.F.);
#2091=EDGE_LOOP('',(#2077,#2079,#2081,#2083,#2085,#2087,#2089,#2090));
#2092=FACE_OUTER_BOUND('',#2091,.F.);
#2094=ORIENTED_EDGE('',*,*,#2093,.F.);
#2096=ORIENTED_EDGE('',*,*,#2095,.F.);
#2098=ORIENTED_EDGE('',*,*,#2097,.F.);
#2100=ORIENTED_EDGE('',*,*,#2099,.T.);
#2101=EDGE_LOOP('',(#2094,#2096,#2098,#2100));
#2102=FACE_BOUND('',#2101,.F.);
#2104=ORIENTED_EDGE('',*,*,#2103,.F.);
#2106=ORIENTED_EDGE('',*,*,#2105,.T.);
#2108=ORIENTED_EDGE('',*,*,#2107,.F.);
#2110=ORIENTED_EDGE('',*,*,#2109,.F.);
#2111=EDGE_LOOP('',(#2104,#2106,#2108,#2110));
#2112=FACE_BOUND('',#2111,.F.);
#2114=CARTESIAN_POINT('',(2.913725164437E0,1.95E0,1.95E0));
#2115=DIRECTION('',(-1.E0,0.E0,0.E0));
#2116=DIRECTION('',(0.E0,0.E0,1.E0));
#2117=AXIS2_PLACEMENT_3D('',#2114,#2115,#2116);
#2118=CYLINDRICAL_SURFACE('',#2117,3.E-1);
#2119=ORIENTED_EDGE('',*,*,#1907,.F.);
#2120=ORIENTED_EDGE('',*,*,#1949,.T.);
#2122=ORIENTED_EDGE('',*,*,#2121,.F.);
#2123=ORIENTED_EDGE('',*,*,#2078,.T.);
#2124=EDGE_LOOP('',(#2119,#2120,#2122,#2123));
#2125=FACE_OUTER_BOUND('',#2124,.F.);
#2127=CARTESIAN_POINT('',(0.E0,0.E0,0.E0));
#2128=DIRECTION('',(1.E0,0.E0,0.E0));
#2129=DIRECTION('',(0.E0,1.E0,0.E0));
#2130=AXIS2_PLACEMENT_3D('',#2127,#2128,#2129);
#2131=PLANE('',#2130);
#2132=ORIENTED_EDGE('',*,*,#2121,.T.);
#2133=ORIENTED_EDGE('',*,*,#1947,.F.);
#2135=ORIENTED_EDGE('',*,*,#2134,.F.);
#2137=ORIENTED_EDGE('',*,*,#2136,.T.);
#2138=ORIENTED_EDGE('',*,*,#2080,.F.);
#2139=EDGE_LOOP('',(#2132,#2133,#2135,#2137,#2138));
#2140=FACE_OUTER_BOUND('',#2139,.F.);
#2142=CARTESIAN_POINT('',(0.E0,1.25E0,2.25E0));
#2143=DIRECTION('',(0.E0,1.E0,0.E0));
#2144=DIRECTION('',(0.E0,0.E0,-1.E0));
#2145=AXIS2_PLACEMENT_3D('',#2142,#2143,#2144);
#2146=PLANE('',#2145);
#2147=ORIENTED_EDGE('',*,*,#2134,.T.);
#2148=ORIENTED_EDGE('',*,*,#1945,.F.);
#2150=ORIENTED_EDGE('',*,*,#2149,.F.);
#2152=ORIENTED_EDGE('',*,*,#2151,.T.);
#2153=EDGE_LOOP('',(#2147,#2148,#2150,#2152));
#2154=FACE_OUTER_BOUND('',#2153,.F.);
#2156=CARTESIAN_POINT('',(3.E-1,0.E0,0.E0));
#2157=DIRECTION('',(-1.E0,0.E0,0.E0));
#2158=DIRECTION('',(0.E0,0.E0,1.E0));
#2159=AXIS2_PLACEMENT_3D('',#2156,#2157,#2158);
#2160=PLANE('',#2159);
#2161=ORIENTED_EDGE('',*,*,#1994,.F.);
#2163=ORIENTED_EDGE('',*,*,#2162,.T.);
#2165=ORIENTED_EDGE('',*,*,#2164,.T.);
#2166=ORIENTED_EDGE('',*,*,#2048,.F.);
#2168=ORIENTED_EDGE('',*,*,#2167,.T.);
#2170=ORIENTED_EDGE('',*,*,#2169,.T.);
#2171=ORIENTED_EDGE('',*,*,#2084,.F.);
#2173=ORIENTED_EDGE('',*,*,#2172,.T.);
#2174=ORIENTED_EDGE('',*,*,#2149,.T.);
#2175=ORIENTED_EDGE('',*,*,#1943,.F.);
#2176=ORIENTED_EDGE('',*,*,#1962,.T.);
#2177=ORIENTED_EDGE('',*,*,#1976,.T.);
#2178=EDGE_LOOP('',(#2161,#2163,#2165,#2166,#2168,#2170,#2171,#2173,#2174,#2175,
#2176,#2177));
#2179=FACE_OUTER_BOUND('',#2178,.F.);
#2181=CARTESIAN_POINT('',(0.E0,-1.25E0,-1.25E0));
#2182=DIRECTION('',(0.E0,0.E0,-1.E0));
#2183=DIRECTION('',(0.E0,-1.E0,0.E0));
#2184=AXIS2_PLACEMENT_3D('',#2181,#2182,#2183);
#2185=PLANE('',#2184);
#2187=ORIENTED_EDGE('',*,*,#2186,.F.);
#2189=ORIENTED_EDGE('',*,*,#2188,.F.);
#2190=ORIENTED_EDGE('',*,*,#2162,.F.);
#2191=ORIENTED_EDGE('',*,*,#1992,.T.);
#2192=EDGE_LOOP('',(#2187,#2189,#2190,#2191));
#2193=FACE_OUTER_BOUND('',#2192,.F.);
#2195=CARTESIAN_POINT('',(0.E0,0.E0,0.E0));
#2196=DIRECTION('',(1.E0,0.E0,0.E0));
#2197=DIRECTION('',(0.E0,1.E0,0.E0));
#2198=AXIS2_PLACEMENT_3D('',#2195,#2196,#2197);
#2199=PLANE('',#2198);
#2200=ORIENTED_EDGE('',*,*,#2030,.T.);
#2201=ORIENTED_EDGE('',*,*,#2052,.F.);
#2203=ORIENTED_EDGE('',*,*,#2202,.F.);
#2204=ORIENTED_EDGE('',*,*,#2186,.T.);
#2205=ORIENTED_EDGE('',*,*,#1990,.F.);
#2206=EDGE_LOOP('',(#2200,#2201,#2203,#2204,#2205));
#2207=FACE_OUTER_BOUND('',#2206,.F.);
#2209=CARTESIAN_POINT('',(0.E0,-1.25E0,-2.25E0));
#2210=DIRECTION('',(0.E0,-1.E0,0.E0));
#2211=DIRECTION('',(0.E0,0.E0,1.E0));
#2212=AXIS2_PLACEMENT_3D('',#2209,#2210,#2211);
#2213=PLANE('',#2212);
#2214=ORIENTED_EDGE('',*,*,#2202,.T.);
#2215=ORIENTED_EDGE('',*,*,#2050,.F.);
#2216=ORIENTED_EDGE('',*,*,#2164,.F.);
#2217=ORIENTED_EDGE('',*,*,#2188,.T.);
#2218=EDGE_LOOP('',(#2214,#2215,#2216,#2217));
#2219=FACE_OUTER_BOUND('',#2218,.F.);
#2221=CARTESIAN_POINT('',(0.E0,1.25E0,-1.25E0));
#2222=DIRECTION('',(0.E0,1.E0,0.E0));
#2223=DIRECTION('',(0.E0,0.E0,-1.E0));
#2224=AXIS2_PLACEMENT_3D('',#2221,#2222,#2223);
#2225=PLANE('',#2224);
#2227=ORIENTED_EDGE('',*,*,#2226,.F.);
#2229=ORIENTED_EDGE('',*,*,#2228,.F.);
#2230=ORIENTED_EDGE('',*,*,#2167,.F.);
#2231=ORIENTED_EDGE('',*,*,#2046,.T.);
#2232=EDGE_LOOP('',(#2227,#2229,#2230,#2231));
#2233=FACE_OUTER_BOUND('',#2232,.F.);
#2235=CARTESIAN_POINT('',(0.E0,0.E0,0.E0));
#2236=DIRECTION('',(1.E0,0.E0,0.E0));
#2237=DIRECTION('',(0.E0,1.E0,0.E0));
#2238=AXIS2_PLACEMENT_3D('',#2235,#2236,#2237);
#2239=PLANE('',#2238);
#2240=ORIENTED_EDGE('',*,*,#2066,.T.);
#2241=ORIENTED_EDGE('',*,*,#2088,.F.);
#2243=ORIENTED_EDGE('',*,*,#2242,.F.);
#2244=ORIENTED_EDGE('',*,*,#2226,.T.);
#2245=ORIENTED_EDGE('',*,*,#2044,.F.);
#2246=EDGE_LOOP('',(#2240,#2241,#2243,#2244,#2245));
#2247=FACE_OUTER_BOUND('',#2246,.F.);
#2249=CARTESIAN_POINT('',(0.E0,2.25E0,-1.25E0));
#2250=DIRECTION('',(0.E0,0.E0,-1.E0));
#2251=DIRECTION('',(0.E0,-1.E0,0.E0));
#2252=AXIS2_PLACEMENT_3D('',#2249,#2250,#2251);
#2253=PLANE('',#2252);
#2254=ORIENTED_EDGE('',*,*,#2242,.T.);
#2255=ORIENTED_EDGE('',*,*,#2086,.F.);
#2256=ORIENTED_EDGE('',*,*,#2169,.F.);
#2257=ORIENTED_EDGE('',*,*,#2228,.T.);
#2258=EDGE_LOOP('',(#2254,#2255,#2256,#2257));
#2259=FACE_OUTER_BOUND('',#2258,.F.);
#2261=CARTESIAN_POINT('',(0.E0,1.25E0,1.25E0));
#2262=DIRECTION('',(0.E0,0.E0,1.E0));
#2263=DIRECTION('',(0.E0,1.E0,0.E0));
#2264=AXIS2_PLACEMENT_3D('',#2261,#2262,#2263);
#2265=PLANE('',#2264);
#2266=ORIENTED_EDGE('',*,*,#2136,.F.);
#2267=ORIENTED_EDGE('',*,*,#2151,.F.);
#2268=ORIENTED_EDGE('',*,*,#2172,.F.);
#2269=ORIENTED_EDGE('',*,*,#2082,.T.);
#2270=EDGE_LOOP('',(#2266,#2267,#2268,#2269));
#2271=FACE_OUTER_BOUND('',#2270,.F.);
#2273=CARTESIAN_POINT('',(7.5E-1,2.25E0,-1.85E0));
#2274=DIRECTION('',(0.E0,0.E0,1.E0));
#2275=DIRECTION('',(0.E0,-1.E0,0.E0));
#2276=AXIS2_PLACEMENT_3D('',#2273,#2274,#2275);
#2277=CYLINDRICAL_SURFACE('',#2276,5.E-2);
#2279=ORIENTED_EDGE('',*,*,#2278,.F.);
#2280=ORIENTED_EDGE('',*,*,#2093,.T.);
#2282=ORIENTED_EDGE('',*,*,#2281,.F.);
#2284=ORIENTED_EDGE('',*,*,#2283,.T.);
#2285=EDGE_LOOP('',(#2279,#2280,#2282,#2284));
#2286=FACE_OUTER_BOUND('',#2285,.F.);
#2288=CARTESIAN_POINT('',(0.E0,2.25E0,-1.15E0));
#2289=DIRECTION('',(0.E0,0.E0,-1.E0));
#2290=DIRECTION('',(0.E0,1.E0,0.E0));
#2291=AXIS2_PLACEMENT_3D('',#2288,#2289,#2290);
#2292=PLANE('',#2291);
#2294=ORIENTED_EDGE('',*,*,#2293,.T.);
#2295=ORIENTED_EDGE('',*,*,#2095,.T.);
#2296=ORIENTED_EDGE('',*,*,#2278,.T.);
#2298=ORIENTED_EDGE('',*,*,#2297,.T.);
#2300=ORIENTED_EDGE('',*,*,#2299,.T.);
#2302=ORIENTED_EDGE('',*,*,#2301,.T.);
#2304=ORIENTED_EDGE('',*,*,#2303,.T.);
#2306=ORIENTED_EDGE('',*,*,#2305,.T.);
#2308=ORIENTED_EDGE('',*,*,#2307,.T.);
#2310=ORIENTED_EDGE('',*,*,#2309,.T.);
#2311=EDGE_LOOP('',(#2294,#2295,#2296,#2298,#2300,#2302,#2304,#2306,#2308,
#2310));
#2312=FACE_OUTER_BOUND('',#2311,.F.);
#2314=CARTESIAN_POINT('',(7.5E-1,2.25E0,-1.85E0));
#2315=DIRECTION('',(0.E0,0.E0,1.E0));
#2316=DIRECTION('',(0.E0,-1.E0,0.E0));
#2317=AXIS2_PLACEMENT_3D('',#2314,#2315,#2316);
#2318=CYLINDRICAL_SURFACE('',#2317,3.5E-1);
#2319=ORIENTED_EDGE('',*,*,#2293,.F.);
#2321=ORIENTED_EDGE('',*,*,#2320,.T.);
#2323=ORIENTED_EDGE('',*,*,#2322,.F.);
#2324=ORIENTED_EDGE('',*,*,#2097,.T.);
#2325=EDGE_LOOP('',(#2319,#2321,#2323,#2324));
#2326=FACE_OUTER_BOUND('',#2325,.F.);
#2328=CARTESIAN_POINT('',(7.805045099617E-1,2.598668144332E0,-1.85E0));
#2329=DIRECTION('',(8.715574274766E-2,9.961946980917E-1,0.E0));
#2330=DIRECTION('',(-9.961946980917E-1,8.715574274766E-2,0.E0));
#2331=AXIS2_PLACEMENT_3D('',#2328,#2329,#2330);
#2332=PLANE('',#2331);
#2333=ORIENTED_EDGE('',*,*,#2309,.F.);
#2335=ORIENTED_EDGE('',*,*,#2334,.F.);
#2337=ORIENTED_EDGE('',*,*,#2336,.F.);
#2338=ORIENTED_EDGE('',*,*,#2320,.F.);
#2339=EDGE_LOOP('',(#2333,#2335,#2337,#2338));
#2340=FACE_OUTER_BOUND('',#2339,.F.);
#2342=CARTESIAN_POINT('',(4.E-1,2.732339959129E0,-1.85E0));
#2343=DIRECTION('',(0.E0,0.E0,1.E0));
#2344=DIRECTION('',(0.E0,-1.E0,0.E0));
#2345=AXIS2_PLACEMENT_3D('',#2342,#2343,#2344);
#2346=CYLINDRICAL_SURFACE('',#2345,1.E-1);
#2347=ORIENTED_EDGE('',*,*,#2307,.F.);
#2349=ORIENTED_EDGE('',*,*,#2348,.T.);
#2351=ORIENTED_EDGE('',*,*,#2350,.F.);
#2352=ORIENTED_EDGE('',*,*,#2334,.T.);
#2353=EDGE_LOOP('',(#2347,#2349,#2351,#2352));
#2354=FACE_OUTER_BOUND('',#2353,.F.);
#2356=CARTESIAN_POINT('',(3.E-1,2.732339959129E0,-1.85E0));
#2357=DIRECTION('',(1.E0,0.E0,0.E0));
#2358=DIRECTION('',(0.E0,1.E0,0.E0));
#2359=AXIS2_PLACEMENT_3D('',#2356,#2357,#2358);
#2360=PLANE('',#2359);
#2361=ORIENTED_EDGE('',*,*,#2305,.F.);
#2363=ORIENTED_EDGE('',*,*,#2362,.T.);
#2365=ORIENTED_EDGE('',*,*,#2364,.T.);
#2366=ORIENTED_EDGE('',*,*,#2348,.F.);
#2367=EDGE_LOOP('',(#2361,#2363,#2365,#2366));
#2368=FACE_OUTER_BOUND('',#2367,.F.);
#2370=CARTESIAN_POINT('',(3.E-1,3.25E0,-1.85E0));
#2371=DIRECTION('',(0.E0,1.E0,0.E0));
#2372=DIRECTION('',(-1.E0,0.E0,0.E0));
#2373=AXIS2_PLACEMENT_3D('',#2370,#2371,#2372);
#2374=PLANE('',#2373);
#2375=ORIENTED_EDGE('',*,*,#2303,.F.);
#2377=ORIENTED_EDGE('',*,*,#2376,.T.);
#2379=ORIENTED_EDGE('',*,*,#2378,.T.);
#2380=ORIENTED_EDGE('',*,*,#2362,.F.);
#2381=EDGE_LOOP('',(#2375,#2377,#2379,#2380));
#2382=FACE_OUTER_BOUND('',#2381,.F.);
#2384=CARTESIAN_POINT('',(0.E0,3.25E0,-1.85E0));
#2385=DIRECTION('',(-1.E0,0.E0,0.E0));
#2386=DIRECTION('',(0.E0,-1.E0,0.E0));
#2387=AXIS2_PLACEMENT_3D('',#2384,#2385,#2386);
#2388=PLANE('',#2387);
#2389=ORIENTED_EDGE('',*,*,#2301,.F.);
#2391=ORIENTED_EDGE('',*,*,#2390,.F.);
#2393=ORIENTED_EDGE('',*,*,#2392,.T.);
#2394=ORIENTED_EDGE('',*,*,#2376,.F.);
#2395=EDGE_LOOP('',(#2389,#2391,#2393,#2394));
#2396=FACE_OUTER_BOUND('',#2395,.F.);
#2398=CARTESIAN_POINT('',(4.E-1,2.732339959129E0,-1.85E0));
#2399=DIRECTION('',(0.E0,0.E0,1.E0));
#2400=DIRECTION('',(0.E0,-1.E0,0.E0));
#2401=AXIS2_PLACEMENT_3D('',#2398,#2399,#2400);
#2402=CYLINDRICAL_SURFACE('',#2401,4.E-1);
#2403=ORIENTED_EDGE('',*,*,#2299,.F.);
#2405=ORIENTED_EDGE('',*,*,#2404,.T.);
#2407=ORIENTED_EDGE('',*,*,#2406,.F.);
#2408=ORIENTED_EDGE('',*,*,#2390,.T.);
#2409=EDGE_LOOP('',(#2403,#2405,#2407,#2408));
#2410=FACE_OUTER_BOUND('',#2409,.F.);
#2412=CARTESIAN_POINT('',(3.651377029009E-1,2.333862079892E0,-1.85E0));
#2413=DIRECTION('',(-8.715574274766E-2,-9.961946980917E-1,0.E0));
#2414=DIRECTION('',(9.961946980917E-1,-8.715574274766E-2,0.E0));
#2415=AXIS2_PLACEMENT_3D('',#2412,#2413,#2414);
#2416=PLANE('',#2415);
#2417=ORIENTED_EDGE('',*,*,#2297,.F.);
#2418=ORIENTED_EDGE('',*,*,#2283,.F.);
#2420=ORIENTED_EDGE('',*,*,#2419,.F.);
#2421=ORIENTED_EDGE('',*,*,#2404,.F.);
#2422=EDGE_LOOP('',(#2417,#2418,#2420,#2421));
#2423=FACE_OUTER_BOUND('',#2422,.F.);
#2425=CARTESIAN_POINT('',(0.E0,0.E0,-1.85E0));
#2426=DIRECTION('',(0.E0,0.E0,1.E0));
#2427=DIRECTION('',(0.E0,-1.E0,0.E0));
#2428=AXIS2_PLACEMENT_3D('',#2425,#2426,#2427);
#2429=PLANE('',#2428);
#2430=ORIENTED_EDGE('',*,*,#2099,.F.);
#2431=ORIENTED_EDGE('',*,*,#2322,.T.);
#2432=ORIENTED_EDGE('',*,*,#2336,.T.);
#2433=ORIENTED_EDGE('',*,*,#2350,.T.);
#2434=ORIENTED_EDGE('',*,*,#2364,.F.);
#2435=ORIENTED_EDGE('',*,*,#2378,.F.);
#2436=ORIENTED_EDGE('',*,*,#2392,.F.);
#2437=ORIENTED_EDGE('',*,*,#2406,.T.);
#2438=ORIENTED_EDGE('',*,*,#2419,.T.);
#2439=ORIENTED_EDGE('',*,*,#2281,.T.);
#2440=EDGE_LOOP('',(#2430,#2431,#2432,#2433,#2434,#2435,#2436,#2437,#2438,
#2439));
#2441=FACE_OUTER_BOUND('',#2440,.F.);
#2443=CARTESIAN_POINT('',(7.5E-1,2.25E0,-1.85E0));
#2444=DIRECTION('',(0.E0,0.E0,1.E0));
#2445=DIRECTION('',(0.E0,-1.E0,0.E0));
#2446=AXIS2_PLACEMENT_3D('',#2443,#2444,#2445);
#2447=CYLINDRICAL_SURFACE('',#2446,3.5E-1);
#2449=ORIENTED_EDGE('',*,*,#2448,.F.);
#2450=ORIENTED_EDGE('',*,*,#2103,.T.);
#2452=ORIENTED_EDGE('',*,*,#2451,.F.);
#2454=ORIENTED_EDGE('',*,*,#2453,.T.);
#2455=EDGE_LOOP('',(#2449,#2450,#2452,#2454));
#2456=FACE_OUTER_BOUND('',#2455,.F.);
#2458=CARTESIAN_POINT('',(0.E0,3.25E0,1.15E0));
#2459=DIRECTION('',(0.E0,0.E0,1.E0));
#2460=DIRECTION('',(0.E0,-1.E0,0.E0));
#2461=AXIS2_PLACEMENT_3D('',#2458,#2459,#2460);
#2462=PLANE('',#2461);
#2463=ORIENTED_EDGE('',*,*,#2448,.T.);
#2465=ORIENTED_EDGE('',*,*,#2464,.T.);
#2467=ORIENTED_EDGE('',*,*,#2466,.T.);
#2469=ORIENTED_EDGE('',*,*,#2468,.F.);
#2471=ORIENTED_EDGE('',*,*,#2470,.F.);
#2473=ORIENTED_EDGE('',*,*,#2472,.F.);
#2475=ORIENTED_EDGE('',*,*,#2474,.T.);
#2477=ORIENTED_EDGE('',*,*,#2476,.T.);
#2479=ORIENTED_EDGE('',*,*,#2478,.T.);
#2480=ORIENTED_EDGE('',*,*,#2105,.F.);
#2481=EDGE_LOOP('',(#2463,#2465,#2467,#2469,#2471,#2473,#2475,#2477,#2479,
#2480));
#2482=FACE_OUTER_BOUND('',#2481,.F.);
#2484=CARTESIAN_POINT('',(7.805045099617E-1,2.598668144332E0,-1.85E0));
#2485=DIRECTION('',(8.715574274766E-2,9.961946980917E-1,0.E0));
#2486=DIRECTION('',(-9.961946980917E-1,8.715574274766E-2,0.E0));
#2487=AXIS2_PLACEMENT_3D('',#2484,#2485,#2486);
#2488=PLANE('',#2487);
#2489=ORIENTED_EDGE('',*,*,#2464,.F.);
#2490=ORIENTED_EDGE('',*,*,#2453,.F.);
#2492=ORIENTED_EDGE('',*,*,#2491,.F.);
#2494=ORIENTED_EDGE('',*,*,#2493,.F.);
#2495=EDGE_LOOP('',(#2489,#2490,#2492,#2494));
#2496=FACE_OUTER_BOUND('',#2495,.F.);
#2498=CARTESIAN_POINT('',(0.E0,0.E0,1.85E0));
#2499=DIRECTION('',(0.E0,0.E0,1.E0));
#2500=DIRECTION('',(0.E0,-1.E0,0.E0));
#2501=AXIS2_PLACEMENT_3D('',#2498,#2499,#2500);
#2502=PLANE('',#2501);
#2503=ORIENTED_EDGE('',*,*,#2109,.T.);
#2505=ORIENTED_EDGE('',*,*,#2504,.T.);
#2507=ORIENTED_EDGE('',*,*,#2506,.T.);
#2509=ORIENTED_EDGE('',*,*,#2508,.T.);
#2511=ORIENTED_EDGE('',*,*,#2510,.T.);
#2513=ORIENTED_EDGE('',*,*,#2512,.T.);
#2515=ORIENTED_EDGE('',*,*,#2514,.T.);
#2517=ORIENTED_EDGE('',*,*,#2516,.T.);
#2518=ORIENTED_EDGE('',*,*,#2491,.T.);
#2519=ORIENTED_EDGE('',*,*,#2451,.T.);
#2520=EDGE_LOOP('',(#2503,#2505,#2507,#2509,#2511,#2513,#2515,#2517,#2518,
#2519));
#2521=FACE_OUTER_BOUND('',#2520,.F.);
#2523=CARTESIAN_POINT('',(7.5E-1,2.25E0,-1.85E0));
#2524=DIRECTION('',(0.E0,0.E0,1.E0));
#2525=DIRECTION('',(0.E0,-1.E0,0.E0));
#2526=AXIS2_PLACEMENT_3D('',#2523,#2524,#2525);
#2527=CYLINDRICAL_SURFACE('',#2526,5.E-2);
#2528=ORIENTED_EDGE('',*,*,#2478,.F.);
#2530=ORIENTED_EDGE('',*,*,#2529,.T.);
#2531=ORIENTED_EDGE('',*,*,#2504,.F.);
#2532=ORIENTED_EDGE('',*,*,#2107,.T.);
#2533=EDGE_LOOP('',(#2528,#2530,#2531,#2532));
#2534=FACE_OUTER_BOUND('',#2533,.F.);
#2536=CARTESIAN_POINT('',(3.651377029009E-1,2.333862079892E0,-1.85E0));
#2537=DIRECTION('',(-8.715574274766E-2,-9.961946980917E-1,0.E0));
#2538=DIRECTION('',(9.961946980917E-1,-8.715574274766E-2,0.E0));
#2539=AXIS2_PLACEMENT_3D('',#2536,#2537,#2538);
#2540=PLANE('',#2539);
#2541=ORIENTED_EDGE('',*,*,#2476,.F.);
#2543=ORIENTED_EDGE('',*,*,#2542,.F.);
#2544=ORIENTED_EDGE('',*,*,#2506,.F.);
#2545=ORIENTED_EDGE('',*,*,#2529,.F.);
#2546=EDGE_LOOP('',(#2541,#2543,#2544,#2545));
#2547=FACE_OUTER_BOUND('',#2546,.F.);
#2549=CARTESIAN_POINT('',(4.E-1,2.732339959129E0,-1.85E0));
#2550=DIRECTION('',(0.E0,0.E0,1.E0));
#2551=DIRECTION('',(0.E0,-1.E0,0.E0));
#2552=AXIS2_PLACEMENT_3D('',#2549,#2550,#2551);
#2553=CYLINDRICAL_SURFACE('',#2552,4.E-1);
#2554=ORIENTED_EDGE('',*,*,#2474,.F.);
#2556=ORIENTED_EDGE('',*,*,#2555,.T.);
#2557=ORIENTED_EDGE('',*,*,#2508,.F.);
#2558=ORIENTED_EDGE('',*,*,#2542,.T.);
#2559=EDGE_LOOP('',(#2554,#2556,#2557,#2558));
#2560=FACE_OUTER_BOUND('',#2559,.F.);
#2562=CARTESIAN_POINT('',(0.E0,3.25E0,-1.85E0));
#2563=DIRECTION('',(-1.E0,0.E0,0.E0));
#2564=DIRECTION('',(0.E0,-1.E0,0.E0));
#2565=AXIS2_PLACEMENT_3D('',#2562,#2563,#2564);
#2566=PLANE('',#2565);
#2567=ORIENTED_EDGE('',*,*,#2472,.T.);
#2569=ORIENTED_EDGE('',*,*,#2568,.F.);
#2570=ORIENTED_EDGE('',*,*,#2510,.F.);
#2571=ORIENTED_EDGE('',*,*,#2555,.F.);
#2572=EDGE_LOOP('',(#2567,#2569,#2570,#2571));
#2573=FACE_OUTER_BOUND('',#2572,.F.);
#2575=CARTESIAN_POINT('',(3.E-1,3.25E0,-1.85E0));
#2576=DIRECTION('',(0.E0,1.E0,0.E0));
#2577=DIRECTION('',(-1.E0,0.E0,0.E0));
#2578=AXIS2_PLACEMENT_3D('',#2575,#2576,#2577);
#2579=PLANE('',#2578);
#2580=ORIENTED_EDGE('',*,*,#2470,.T.);
#2582=ORIENTED_EDGE('',*,*,#2581,.F.);
#2583=ORIENTED_EDGE('',*,*,#2512,.F.);
#2584=ORIENTED_EDGE('',*,*,#2568,.T.);
#2585=EDGE_LOOP('',(#2580,#2582,#2583,#2584));
#2586=FACE_OUTER_BOUND('',#2585,.F.);
#2588=CARTESIAN_POINT('',(3.E-1,2.732339959129E0,-1.85E0));
#2589=DIRECTION('',(1.E0,0.E0,0.E0));
#2590=DIRECTION('',(0.E0,1.E0,0.E0));
#2591=AXIS2_PLACEMENT_3D('',#2588,#2589,#2590);
#2592=PLANE('',#2591);
#2593=ORIENTED_EDGE('',*,*,#2468,.T.);
#2595=ORIENTED_EDGE('',*,*,#2594,.F.);
#2596=ORIENTED_EDGE('',*,*,#2514,.F.);
#2597=ORIENTED_EDGE('',*,*,#2581,.T.);
#2598=EDGE_LOOP('',(#2593,#2595,#2596,#2597));
#2599=FACE_OUTER_BOUND('',#2598,.F.);
#2601=CARTESIAN_POINT('',(4.E-1,2.732339959129E0,-1.85E0));
#2602=DIRECTION('',(0.E0,0.E0,1.E0));
#2603=DIRECTION('',(0.E0,-1.E0,0.E0));
#2604=AXIS2_PLACEMENT_3D('',#2601,#2602,#2603);
#2605=CYLINDRICAL_SURFACE('',#2604,1.E-1);
#2606=ORIENTED_EDGE('',*,*,#2466,.F.);
#2607=ORIENTED_EDGE('',*,*,#2493,.T.);
#2608=ORIENTED_EDGE('',*,*,#2516,.F.);
#2609=ORIENTED_EDGE('',*,*,#2594,.T.);
#2610=EDGE_LOOP('',(#2606,#2607,#2608,#2609));
#2611=FACE_OUTER_BOUND('',#2610,.F.);
#2613=CARTESIAN_POINT('',(7.5E-1,-2.25E0,-1.85E0));
#2614=DIRECTION('',(0.E0,0.E0,1.E0));
#2615=DIRECTION('',(0.E0,-1.E0,0.E0));
#2616=AXIS2_PLACEMENT_3D('',#2613,#2614,#2615);
#2617=CYLINDRICAL_SURFACE('',#2616,5.E-2);
#2619=ORIENTED_EDGE('',*,*,#2618,.F.);
#2620=ORIENTED_EDGE('',*,*,#2001,.T.);
#2622=ORIENTED_EDGE('',*,*,#2621,.F.);
#2624=ORIENTED_EDGE('',*,*,#2623,.T.);
#2625=EDGE_LOOP('',(#2619,#2620,#2622,#2624));
#2626=FACE_OUTER_BOUND('',#2625,.F.);
#2628=CARTESIAN_POINT('',(0.E0,-2.25E0,1.15E0));
#2629=DIRECTION('',(0.E0,0.E0,1.E0));
#2630=DIRECTION('',(0.E0,-1.E0,0.E0));
#2631=AXIS2_PLACEMENT_3D('',#2628,#2629,#2630);
#2632=PLANE('',#2631);
#2634=ORIENTED_EDGE('',*,*,#2633,.T.);
#2636=ORIENTED_EDGE('',*,*,#2635,.T.);
#2638=ORIENTED_EDGE('',*,*,#2637,.F.);
#2640=ORIENTED_EDGE('',*,*,#2639,.F.);
#2642=ORIENTED_EDGE('',*,*,#2641,.F.);
#2644=ORIENTED_EDGE('',*,*,#2643,.T.);
#2646=ORIENTED_EDGE('',*,*,#2645,.T.);
#2648=ORIENTED_EDGE('',*,*,#2647,.T.);
#2649=ORIENTED_EDGE('',*,*,#2003,.T.);
#2650=ORIENTED_EDGE('',*,*,#2618,.T.);
#2651=EDGE_LOOP('',(#2634,#2636,#2638,#2640,#2642,#2644,#2646,#2648,#2649,
#2650));
#2652=FACE_OUTER_BOUND('',#2651,.F.);
#2654=CARTESIAN_POINT('',(7.543577871374E-1,-2.299809734905E0,-1.85E0));
#2655=DIRECTION('',(-8.715574274766E-2,9.961946980917E-1,0.E0));
#2656=DIRECTION('',(-9.961946980917E-1,-8.715574274766E-2,0.E0));
#2657=AXIS2_PLACEMENT_3D('',#2654,#2655,#2656);
#2658=PLANE('',#2657);
#2659=ORIENTED_EDGE('',*,*,#2633,.F.);
#2660=ORIENTED_EDGE('',*,*,#2623,.F.);
#2662=ORIENTED_EDGE('',*,*,#2661,.F.);
#2664=ORIENTED_EDGE('',*,*,#2663,.F.);
#2665=EDGE_LOOP('',(#2659,#2660,#2662,#2664));
#2666=FACE_OUTER_BOUND('',#2665,.F.);
#2668=CARTESIAN_POINT('',(0.E0,0.E0,1.85E0));
#2669=DIRECTION('',(0.E0,0.E0,1.E0));
#2670=DIRECTION('',(0.E0,-1.E0,0.E0));
#2671=AXIS2_PLACEMENT_3D('',#2668,#2669,#2670);
#2672=PLANE('',#2671);
#2673=ORIENTED_EDGE('',*,*,#2007,.F.);
#2675=ORIENTED_EDGE('',*,*,#2674,.T.);
#2677=ORIENTED_EDGE('',*,*,#2676,.T.);
#2679=ORIENTED_EDGE('',*,*,#2678,.T.);
#2681=ORIENTED_EDGE('',*,*,#2680,.T.);
#2683=ORIENTED_EDGE('',*,*,#2682,.T.);
#2685=ORIENTED_EDGE('',*,*,#2684,.T.);
#2687=ORIENTED_EDGE('',*,*,#2686,.T.);
#2688=ORIENTED_EDGE('',*,*,#2661,.T.);
#2689=ORIENTED_EDGE('',*,*,#2621,.T.);
#2690=EDGE_LOOP('',(#2673,#2675,#2677,#2679,#2681,#2683,#2685,#2687,#2688,
#2689));
#2691=FACE_OUTER_BOUND('',#2690,.F.);
#2693=CARTESIAN_POINT('',(7.5E-1,-2.25E0,-1.85E0));
#2694=DIRECTION('',(0.E0,0.E0,1.E0));
#2695=DIRECTION('',(0.E0,-1.E0,0.E0));
#2696=AXIS2_PLACEMENT_3D('',#2693,#2694,#2695);
#2697=CYLINDRICAL_SURFACE('',#2696,3.5E-1);
#2698=ORIENTED_EDGE('',*,*,#2647,.F.);
#2700=ORIENTED_EDGE('',*,*,#2699,.T.);
#2701=ORIENTED_EDGE('',*,*,#2674,.F.);
#2702=ORIENTED_EDGE('',*,*,#2005,.T.);
#2703=EDGE_LOOP('',(#2698,#2700,#2701,#2702));
#2704=FACE_OUTER_BOUND('',#2703,.F.);
#2706=CARTESIAN_POINT('',(3.912844257252E-1,-2.632720489319E0,-1.85E0));
#2707=DIRECTION('',(8.715574274766E-2,-9.961946980917E-1,0.E0));
#2708=DIRECTION('',(9.961946980917E-1,8.715574274766E-2,0.E0));
#2709=AXIS2_PLACEMENT_3D('',#2706,#2707,#2708);
#2710=PLANE('',#2709);
#2711=ORIENTED_EDGE('',*,*,#2645,.F.);
#2713=ORIENTED_EDGE('',*,*,#2712,.F.);
#2714=ORIENTED_EDGE('',*,*,#2676,.F.);
#2715=ORIENTED_EDGE('',*,*,#2699,.F.);
#2716=EDGE_LOOP('',(#2711,#2713,#2714,#2715));
#2717=FACE_OUTER_BOUND('',#2716,.F.);
#2719=CARTESIAN_POINT('',(4.E-1,-2.732339959129E0,-1.85E0));
#2720=DIRECTION('',(0.E0,0.E0,1.E0));
#2721=DIRECTION('',(0.E0,-1.E0,0.E0));
#2722=AXIS2_PLACEMENT_3D('',#2719,#2720,#2721);
#2723=CYLINDRICAL_SURFACE('',#2722,1.E-1);
#2724=ORIENTED_EDGE('',*,*,#2643,.F.);
#2726=ORIENTED_EDGE('',*,*,#2725,.T.);
#2727=ORIENTED_EDGE('',*,*,#2678,.F.);
#2728=ORIENTED_EDGE('',*,*,#2712,.T.);
#2729=EDGE_LOOP('',(#2724,#2726,#2727,#2728));
#2730=FACE_OUTER_BOUND('',#2729,.F.);
#2732=CARTESIAN_POINT('',(3.E-1,-3.25E0,-1.85E0));
#2733=DIRECTION('',(1.E0,0.E0,0.E0));
#2734=DIRECTION('',(0.E0,1.E0,0.E0));
#2735=AXIS2_PLACEMENT_3D('',#2732,#2733,#2734);
#2736=PLANE('',#2735);
#2737=ORIENTED_EDGE('',*,*,#2641,.T.);
#2739=ORIENTED_EDGE('',*,*,#2738,.F.);
#2740=ORIENTED_EDGE('',*,*,#2680,.F.);
#2741=ORIENTED_EDGE('',*,*,#2725,.F.);
#2742=EDGE_LOOP('',(#2737,#2739,#2740,#2741));
#2743=FACE_OUTER_BOUND('',#2742,.F.);
#2745=CARTESIAN_POINT('',(0.E0,-3.25E0,-1.85E0));
#2746=DIRECTION('',(0.E0,-1.E0,0.E0));
#2747=DIRECTION('',(1.E0,0.E0,0.E0));
#2748=AXIS2_PLACEMENT_3D('',#2745,#2746,#2747);
#2749=PLANE('',#2748);
#2750=ORIENTED_EDGE('',*,*,#2639,.T.);
#2752=ORIENTED_EDGE('',*,*,#2751,.F.);
#2753=ORIENTED_EDGE('',*,*,#2682,.F.);
#2754=ORIENTED_EDGE('',*,*,#2738,.T.);
#2755=EDGE_LOOP('',(#2750,#2752,#2753,#2754));
#2756=FACE_OUTER_BOUND('',#2755,.F.);
#2758=CARTESIAN_POINT('',(0.E0,-2.732339959129E0,-1.85E0));
#2759=DIRECTION('',(-1.E0,0.E0,0.E0));
#2760=DIRECTION('',(0.E0,-1.E0,0.E0));
#2761=AXIS2_PLACEMENT_3D('',#2758,#2759,#2760);
#2762=PLANE('',#2761);
#2763=ORIENTED_EDGE('',*,*,#2637,.T.);
#2765=ORIENTED_EDGE('',*,*,#2764,.F.);
#2766=ORIENTED_EDGE('',*,*,#2684,.F.);
#2767=ORIENTED_EDGE('',*,*,#2751,.T.);
#2768=EDGE_LOOP('',(#2763,#2765,#2766,#2767));
#2769=FACE_OUTER_BOUND('',#2768,.F.);
#2771=CARTESIAN_POINT('',(4.E-1,-2.732339959129E0,-1.85E0));
#2772=DIRECTION('',(0.E0,0.E0,1.E0));
#2773=DIRECTION('',(0.E0,-1.E0,0.E0));
#2774=AXIS2_PLACEMENT_3D('',#2771,#2772,#2773);
#2775=CYLINDRICAL_SURFACE('',#2774,4.E-1);
#2776=ORIENTED_EDGE('',*,*,#2635,.F.);
#2777=ORIENTED_EDGE('',*,*,#2663,.T.);
#2778=ORIENTED_EDGE('',*,*,#2686,.F.);
#2779=ORIENTED_EDGE('',*,*,#2764,.T.);
#2780=EDGE_LOOP('',(#2776,#2777,#2778,#2779));
#2781=FACE_OUTER_BOUND('',#2780,.F.);
#2783=CARTESIAN_POINT('',(7.5E-1,-2.25E0,-1.85E0));
#2784=DIRECTION('',(0.E0,0.E0,1.E0));
#2785=DIRECTION('',(0.E0,-1.E0,0.E0));
#2786=AXIS2_PLACEMENT_3D('',#2783,#2784,#2785);
#2787=CYLINDRICAL_SURFACE('',#2786,3.5E-1);
#2789=ORIENTED_EDGE('',*,*,#2788,.F.);
#2790=ORIENTED_EDGE('',*,*,#2011,.T.);
#2792=ORIENTED_EDGE('',*,*,#2791,.F.);
#2794=ORIENTED_EDGE('',*,*,#2793,.T.);
#2795=EDGE_LOOP('',(#2789,#2790,#2792,#2794));
#2796=FACE_OUTER_BOUND('',#2795,.F.);
#2798=CARTESIAN_POINT('',(0.E0,-3.25E0,-1.15E0));
#2799=DIRECTION('',(0.E0,0.E0,-1.E0));
#2800=DIRECTION('',(0.E0,1.E0,0.E0));
#2801=AXIS2_PLACEMENT_3D('',#2798,#2799,#2800);
#2802=PLANE('',#2801);
#2804=ORIENTED_EDGE('',*,*,#2803,.T.);
#2806=ORIENTED_EDGE('',*,*,#2805,.T.);
#2807=ORIENTED_EDGE('',*,*,#2013,.F.);
#2808=ORIENTED_EDGE('',*,*,#2788,.T.);
#2810=ORIENTED_EDGE('',*,*,#2809,.T.);
#2812=ORIENTED_EDGE('',*,*,#2811,.T.);
#2814=ORIENTED_EDGE('',*,*,#2813,.T.);
#2816=ORIENTED_EDGE('',*,*,#2815,.T.);
#2818=ORIENTED_EDGE('',*,*,#2817,.T.);
#2820=ORIENTED_EDGE('',*,*,#2819,.T.);
#2821=EDGE_LOOP('',(#2804,#2806,#2807,#2808,#2810,#2812,#2814,#2816,#2818,
#2820));
#2822=FACE_OUTER_BOUND('',#2821,.F.);
#2824=CARTESIAN_POINT('',(7.543577871374E-1,-2.299809734905E0,-1.85E0));
#2825=DIRECTION('',(-8.715574274766E-2,9.961946980917E-1,0.E0));
#2826=DIRECTION('',(-9.961946980917E-1,-8.715574274766E-2,0.E0));
#2827=AXIS2_PLACEMENT_3D('',#2824,#2825,#2826);
#2828=PLANE('',#2827);
#2829=ORIENTED_EDGE('',*,*,#2803,.F.);
#2831=ORIENTED_EDGE('',*,*,#2830,.F.);
#2833=ORIENTED_EDGE('',*,*,#2832,.F.);
#2835=ORIENTED_EDGE('',*,*,#2834,.F.);
#2836=EDGE_LOOP('',(#2829,#2831,#2833,#2835));
#2837=FACE_OUTER_BOUND('',#2836,.F.);
#2839=CARTESIAN_POINT('',(4.E-1,-2.732339959129E0,-1.85E0));
#2840=DIRECTION('',(0.E0,0.E0,1.E0));
#2841=DIRECTION('',(0.E0,-1.E0,0.E0));
#2842=AXIS2_PLACEMENT_3D('',#2839,#2840,#2841);
#2843=CYLINDRICAL_SURFACE('',#2842,4.E-1);
#2844=ORIENTED_EDGE('',*,*,#2819,.F.);
#2846=ORIENTED_EDGE('',*,*,#2845,.T.);
#2848=ORIENTED_EDGE('',*,*,#2847,.F.);
#2849=ORIENTED_EDGE('',*,*,#2830,.T.);
#2850=EDGE_LOOP('',(#2844,#2846,#2848,#2849));
#2851=FACE_OUTER_BOUND('',#2850,.F.);
#2853=CARTESIAN_POINT('',(0.E0,-2.732339959129E0,-1.85E0));
#2854=DIRECTION('',(-1.E0,0.E0,0.E0));
#2855=DIRECTION('',(0.E0,-1.E0,0.E0));
#2856=AXIS2_PLACEMENT_3D('',#2853,#2854,#2855);
#2857=PLANE('',#2856);
#2858=ORIENTED_EDGE('',*,*,#2817,.F.);
#2860=ORIENTED_EDGE('',*,*,#2859,.T.);
#2862=ORIENTED_EDGE('',*,*,#2861,.T.);
#2863=ORIENTED_EDGE('',*,*,#2845,.F.);
#2864=EDGE_LOOP('',(#2858,#2860,#2862,#2863));
#2865=FACE_OUTER_BOUND('',#2864,.F.);
#2867=CARTESIAN_POINT('',(0.E0,-3.25E0,-1.85E0));
#2868=DIRECTION('',(0.E0,-1.E0,0.E0));
#2869=DIRECTION('',(1.E0,0.E0,0.E0));
#2870=AXIS2_PLACEMENT_3D('',#2867,#2868,#2869);
#2871=PLANE('',#2870);
#2872=ORIENTED_EDGE('',*,*,#2815,.F.);
#2874=ORIENTED_EDGE('',*,*,#2873,.T.);
#2876=ORIENTED_EDGE('',*,*,#2875,.T.);
#2877=ORIENTED_EDGE('',*,*,#2859,.F.);
#2878=EDGE_LOOP('',(#2872,#2874,#2876,#2877));
#2879=FACE_OUTER_BOUND('',#2878,.F.);
#2881=CARTESIAN_POINT('',(3.E-1,-3.25E0,-1.85E0));
#2882=DIRECTION('',(1.E0,0.E0,0.E0));
#2883=DIRECTION('',(0.E0,1.E0,0.E0));
#2884=AXIS2_PLACEMENT_3D('',#2881,#2882,#2883);
#2885=PLANE('',#2884);
#2886=ORIENTED_EDGE('',*,*,#2813,.F.);
#2888=ORIENTED_EDGE('',*,*,#2887,.F.);
#2890=ORIENTED_EDGE('',*,*,#2889,.T.);
#2891=ORIENTED_EDGE('',*,*,#2873,.F.);
#2892=EDGE_LOOP('',(#2886,#2888,#2890,#2891));
#2893=FACE_OUTER_BOUND('',#2892,.F.);
#2895=CARTESIAN_POINT('',(4.E-1,-2.732339959129E0,-1.85E0));
#2896=DIRECTION('',(0.E0,0.E0,1.E0));
#2897=DIRECTION('',(0.E0,-1.E0,0.E0));
#2898=AXIS2_PLACEMENT_3D('',#2895,#2896,#2897);
#2899=CYLINDRICAL_SURFACE('',#2898,1.E-1);
#2900=ORIENTED_EDGE('',*,*,#2811,.F.);
#2902=ORIENTED_EDGE('',*,*,#2901,.T.);
#2904=ORIENTED_EDGE('',*,*,#2903,.F.);
#2905=ORIENTED_EDGE('',*,*,#2887,.T.);
#2906=EDGE_LOOP('',(#2900,#2902,#2904,#2905));
#2907=FACE_OUTER_BOUND('',#2906,.F.);
#2909=CARTESIAN_POINT('',(3.912844257252E-1,-2.632720489319E0,-1.85E0));
#2910=DIRECTION('',(8.715574274766E-2,-9.961946980917E-1,0.E0));
#2911=DIRECTION('',(9.961946980917E-1,8.715574274766E-2,0.E0));
#2912=AXIS2_PLACEMENT_3D('',#2909,#2910,#2911);
#2913=PLANE('',#2912);
#2914=ORIENTED_EDGE('',*,*,#2809,.F.);
#2915=ORIENTED_EDGE('',*,*,#2793,.F.);
#2917=ORIENTED_EDGE('',*,*,#2916,.F.);
#2918=ORIENTED_EDGE('',*,*,#2901,.F.);
#2919=EDGE_LOOP('',(#2914,#2915,#2917,#2918));
#2920=FACE_OUTER_BOUND('',#2919,.F.);
#2922=CARTESIAN_POINT('',(0.E0,0.E0,-1.85E0));
#2923=DIRECTION('',(0.E0,0.E0,1.E0));
#2924=DIRECTION('',(0.E0,-1.E0,0.E0));
#2925=AXIS2_PLACEMENT_3D('',#2922,#2923,#2924);
#2926=PLANE('',#2925);
#2927=ORIENTED_EDGE('',*,*,#2017,.T.);
#2929=ORIENTED_EDGE('',*,*,#2928,.T.);
#2930=ORIENTED_EDGE('',*,*,#2832,.T.);
#2931=ORIENTED_EDGE('',*,*,#2847,.T.);
#2932=ORIENTED_EDGE('',*,*,#2861,.F.);
#2933=ORIENTED_EDGE('',*,*,#2875,.F.);
#2934=ORIENTED_EDGE('',*,*,#2889,.F.);
#2935=ORIENTED_EDGE('',*,*,#2903,.T.);
#2936=ORIENTED_EDGE('',*,*,#2916,.T.);
#2937=ORIENTED_EDGE('',*,*,#2791,.T.);
#2938=EDGE_LOOP('',(#2927,#2929,#2930,#2931,#2932,#2933,#2934,#2935,#2936,
#2937));
#2939=FACE_OUTER_BOUND('',#2938,.F.);
#2941=CARTESIAN_POINT('',(7.5E-1,-2.25E0,-1.85E0));
#2942=DIRECTION('',(0.E0,0.E0,1.E0));
#2943=DIRECTION('',(0.E0,-1.E0,0.E0));
#2944=AXIS2_PLACEMENT_3D('',#2941,#2942,#2943);
#2945=CYLINDRICAL_SURFACE('',#2944,5.E-2);
#2946=ORIENTED_EDGE('',*,*,#2805,.F.);
#2947=ORIENTED_EDGE('',*,*,#2834,.T.);
#2948=ORIENTED_EDGE('',*,*,#2928,.F.);
#2949=ORIENTED_EDGE('',*,*,#2015,.T.);
#2950=EDGE_LOOP('',(#2946,#2947,#2948,#2949));
#2951=FACE_OUTER_BOUND('',#2950,.F.);
#2953=CARTESIAN_POINT('',(2.6E0,1.95E0,-1.95E0));
#2954=DIRECTION('',(0.E0,0.E0,1.E0));
#2955=DIRECTION('',(0.E0,-1.E0,0.E0));
#2956=AXIS2_PLACEMENT_3D('',#2953,#2954,#2955);
#2957=PLANE('',#2956);
#2958=ORIENTED_EDGE('',*,*,#1922,.F.);
#2960=ORIENTED_EDGE('',*,*,#2959,.F.);
#2962=ORIENTED_EDGE('',*,*,#2961,.T.);
#2964=ORIENTED_EDGE('',*,*,#2963,.T.);
#2965=EDGE_LOOP('',(#2958,#2960,#2962,#2964));
#2966=FACE_OUTER_BOUND('',#2965,.F.);
#2968=CARTESIAN_POINT('',(2.6E0,-1.95E0,-1.95E0));
#2969=DIRECTION('',(0.E0,1.E0,0.E0));
#2970=DIRECTION('',(0.E0,0.E0,1.E0));
#2971=AXIS2_PLACEMENT_3D('',#2968,#2969,#2970);
#2972=PLANE('',#2971);
#2973=ORIENTED_EDGE('',*,*,#1928,.F.);
#2975=ORIENTED_EDGE('',*,*,#2974,.F.);
#2977=ORIENTED_EDGE('',*,*,#2976,.T.);
#2978=ORIENTED_EDGE('',*,*,#2959,.T.);
#2979=EDGE_LOOP('',(#2973,#2975,#2977,#2978));
#2980=FACE_OUTER_BOUND('',#2979,.F.);
#2982=CARTESIAN_POINT('',(2.6E0,-1.95E0,1.95E0));
#2983=DIRECTION('',(0.E0,0.E0,-1.E0));
#2984=DIRECTION('',(0.E0,1.E0,0.E0));
#2985=AXIS2_PLACEMENT_3D('',#2982,#2983,#2984);
#2986=PLANE('',#2985);
#2987=ORIENTED_EDGE('',*,*,#1926,.F.);
#2989=ORIENTED_EDGE('',*,*,#2988,.F.);
#2991=ORIENTED_EDGE('',*,*,#2990,.T.);
#2992=ORIENTED_EDGE('',*,*,#2974,.T.);
#2993=EDGE_LOOP('',(#2987,#2989,#2991,#2992));
#2994=FACE_OUTER_BOUND('',#2993,.F.);
#2996=CARTESIAN_POINT('',(2.6E0,1.95E0,1.95E0));
#2997=DIRECTION('',(0.E0,-1.E0,0.E0));
#2998=DIRECTION('',(0.E0,0.E0,-1.E0));
#2999=AXIS2_PLACEMENT_3D('',#2996,#2997,#2998);
#3000=PLANE('',#2999);
#3001=ORIENTED_EDGE('',*,*,#1924,.F.);
#3002=ORIENTED_EDGE('',*,*,#2963,.F.);
#3004=ORIENTED_EDGE('',*,*,#3003,.T.);
#3005=ORIENTED_EDGE('',*,*,#2988,.T.);
#3006=EDGE_LOOP('',(#3001,#3002,#3004,#3005));
#3007=FACE_OUTER_BOUND('',#3006,.F.);
#3009=CARTESIAN_POINT('',(2.61E0,0.E0,0.E0));
#3010=DIRECTION('',(1.E0,0.E0,0.E0));
#3011=DIRECTION('',(0.E0,-1.E0,0.E0));
#3012=AXIS2_PLACEMENT_3D('',#3009,#3010,#3011);
#3013=PLANE('',#3012);
#3015=ORIENTED_EDGE('',*,*,#3014,.T.);
#3017=ORIENTED_EDGE('',*,*,#3016,.T.);
#3019=ORIENTED_EDGE('',*,*,#3018,.T.);
#3021=ORIENTED_EDGE('',*,*,#3020,.F.);
#3023=ORIENTED_EDGE('',*,*,#3022,.T.);
#3025=ORIENTED_EDGE('',*,*,#3024,.F.);
#3027=ORIENTED_EDGE('',*,*,#3026,.T.);
#3029=ORIENTED_EDGE('',*,*,#3028,.T.);
#3031=ORIENTED_EDGE('',*,*,#3030,.T.);
#3033=ORIENTED_EDGE('',*,*,#3032,.F.);
#3035=ORIENTED_EDGE('',*,*,#3034,.T.);
#3037=ORIENTED_EDGE('',*,*,#3036,.F.);
#3039=ORIENTED_EDGE('',*,*,#3038,.T.);
#3041=ORIENTED_EDGE('',*,*,#3040,.T.);
#3043=ORIENTED_EDGE('',*,*,#3042,.T.);
#3045=ORIENTED_EDGE('',*,*,#3044,.F.);
#3047=ORIENTED_EDGE('',*,*,#3046,.T.);
#3049=ORIENTED_EDGE('',*,*,#3048,.F.);
#3051=ORIENTED_EDGE('',*,*,#3050,.T.);
#3053=ORIENTED_EDGE('',*,*,#3052,.T.);
#3055=ORIENTED_EDGE('',*,*,#3054,.T.);
#3057=ORIENTED_EDGE('',*,*,#3056,.F.);
#3059=ORIENTED_EDGE('',*,*,#3058,.T.);
#3061=ORIENTED_EDGE('',*,*,#3060,.F.);
#3062=EDGE_LOOP('',(#3015,#3017,#3019,#3021,#3023,#3025,#3027,#3029,#3031,#3033,
#3035,#3037,#3039,#3041,#3043,#3045,#3047,#3049,#3051,#3053,#3055,#3057,#3059,
#3061));
#3063=FACE_OUTER_BOUND('',#3062,.F.);
#3064=ORIENTED_EDGE('',*,*,#2961,.F.);
#3065=ORIENTED_EDGE('',*,*,#2976,.F.);
#3066=ORIENTED_EDGE('',*,*,#2990,.F.);
#3067=ORIENTED_EDGE('',*,*,#3003,.F.);
#3068=EDGE_LOOP('',(#3064,#3065,#3066,#3067));
#3069=FACE_BOUND('',#3068,.F.);
#3071=CARTESIAN_POINT('',(2.9E0,-2.05E0,1.E0));
#3072=DIRECTION('',(0.E0,0.E0,1.E0));
#3073=DIRECTION('',(0.E0,-1.E0,0.E0));
#3074=AXIS2_PLACEMENT_3D('',#3071,#3072,#3073);
#3075=PLANE('',#3074);
#3076=ORIENTED_EDGE('',*,*,#3014,.F.);
#3078=ORIENTED_EDGE('',*,*,#3077,.T.);
#3080=ORIENTED_EDGE('',*,*,#3079,.F.);
#3082=ORIENTED_EDGE('',*,*,#3081,.F.);
#3083=EDGE_LOOP('',(#3076,#3078,#3080,#3082));
#3084=FACE_OUTER_BOUND('',#3083,.F.);
#3086=CARTESIAN_POINT('',(0.E0,-2.25E0,2.25E0));
#3087=DIRECTION('',(0.E0,-1.E0,0.E0));
#3088=DIRECTION('',(0.E0,0.E0,-1.E0));
#3089=AXIS2_PLACEMENT_3D('',#3086,#3087,#3088);
#3090=PLANE('',#3089);
#3091=ORIENTED_EDGE('',*,*,#3060,.T.);
#3093=ORIENTED_EDGE('',*,*,#3092,.F.);
#3095=ORIENTED_EDGE('',*,*,#3094,.F.);
#3096=ORIENTED_EDGE('',*,*,#3077,.F.);
#3097=EDGE_LOOP('',(#3091,#3093,#3095,#3096));
#3098=FACE_OUTER_BOUND('',#3097,.F.);
#3100=CARTESIAN_POINT('',(2.913725164437E0,-1.95E0,1.95E0));
#3101=DIRECTION('',(-1.E0,0.E0,0.E0));
#3102=DIRECTION('',(0.E0,-1.E0,0.E0));
#3103=AXIS2_PLACEMENT_3D('',#3100,#3101,#3102);
#3104=CYLINDRICAL_SURFACE('',#3103,3.E-1);
#3105=ORIENTED_EDGE('',*,*,#3058,.F.);
#3107=ORIENTED_EDGE('',*,*,#3106,.T.);
#3109=ORIENTED_EDGE('',*,*,#3108,.F.);
#3110=ORIENTED_EDGE('',*,*,#3092,.T.);
#3111=EDGE_LOOP('',(#3105,#3107,#3109,#3110));
#3112=FACE_OUTER_BOUND('',#3111,.F.);
#3114=CARTESIAN_POINT('',(0.E0,2.25E0,2.25E0));
#3115=DIRECTION('',(0.E0,0.E0,1.E0));
#3116=DIRECTION('',(0.E0,-1.E0,0.E0));
#3117=AXIS2_PLACEMENT_3D('',#3114,#3115,#3116);
#3118=PLANE('',#3117);
#3119=ORIENTED_EDGE('',*,*,#3056,.T.);
#3121=ORIENTED_EDGE('',*,*,#3120,.T.);
#3123=ORIENTED_EDGE('',*,*,#3122,.F.);
#3124=ORIENTED_EDGE('',*,*,#3106,.F.);
#3125=EDGE_LOOP('',(#3119,#3121,#3123,#3124));
#3126=FACE_OUTER_BOUND('',#3125,.F.);
#3128=CARTESIAN_POINT('',(2.9E0,-1.E0,2.25E0));
#3129=DIRECTION('',(0.E0,-1.E0,0.E0));
#3130=DIRECTION('',(0.E0,0.E0,-1.E0));
#3131=AXIS2_PLACEMENT_3D('',#3128,#3129,#3130);
#3132=PLANE('',#3131);
#3133=ORIENTED_EDGE('',*,*,#3054,.F.);
#3135=ORIENTED_EDGE('',*,*,#3134,.T.);
#3137=ORIENTED_EDGE('',*,*,#3136,.T.);
#3138=ORIENTED_EDGE('',*,*,#3120,.F.);
#3139=EDGE_LOOP('',(#3133,#3135,#3137,#3138));
#3140=FACE_OUTER_BOUND('',#3139,.F.);
#3142=CARTESIAN_POINT('',(2.9E0,-1.E0,2.05E0));
#3143=DIRECTION('',(0.E0,0.E0,-1.E0));
#3144=DIRECTION('',(0.E0,1.E0,0.E0));
#3145=AXIS2_PLACEMENT_3D('',#3142,#3143,#3144);
#3146=PLANE('',#3145);
#3147=ORIENTED_EDGE('',*,*,#3052,.F.);
#3149=ORIENTED_EDGE('',*,*,#3148,.T.);
#3151=ORIENTED_EDGE('',*,*,#3150,.T.);
#3152=ORIENTED_EDGE('',*,*,#3134,.F.);
#3153=EDGE_LOOP('',(#3147,#3149,#3151,#3152));
#3154=FACE_OUTER_BOUND('',#3153,.F.);
#3156=CARTESIAN_POINT('',(2.9E0,1.E0,2.05E0));
#3157=DIRECTION('',(0.E0,1.E0,0.E0));
#3158=DIRECTION('',(0.E0,0.E0,1.E0));
#3159=AXIS2_PLACEMENT_3D('',#3156,#3157,#3158);
#3160=PLANE('',#3159);
#3161=ORIENTED_EDGE('',*,*,#3050,.F.);
#3163=ORIENTED_EDGE('',*,*,#3162,.T.);
#3165=ORIENTED_EDGE('',*,*,#3164,.F.);
#3166=ORIENTED_EDGE('',*,*,#3148,.F.);
#3167=EDGE_LOOP('',(#3161,#3163,#3165,#3166));
#3168=FACE_OUTER_BOUND('',#3167,.F.);
#3170=CARTESIAN_POINT('',(0.E0,2.25E0,2.25E0));
#3171=DIRECTION('',(0.E0,0.E0,1.E0));
#3172=DIRECTION('',(0.E0,-1.E0,0.E0));
#3173=AXIS2_PLACEMENT_3D('',#3170,#3171,#3172);
#3174=PLANE('',#3173);
#3175=ORIENTED_EDGE('',*,*,#3048,.T.);
#3177=ORIENTED_EDGE('',*,*,#3176,.F.);
#3179=ORIENTED_EDGE('',*,*,#3178,.F.);
#3180=ORIENTED_EDGE('',*,*,#3162,.F.);
#3181=EDGE_LOOP('',(#3175,#3177,#3179,#3180));
#3182=FACE_OUTER_BOUND('',#3181,.F.);
#3184=CARTESIAN_POINT('',(2.913725164437E0,1.95E0,1.95E0));
#3185=DIRECTION('',(-1.E0,0.E0,0.E0));
#3186=DIRECTION('',(0.E0,0.E0,1.E0));
#3187=AXIS2_PLACEMENT_3D('',#3184,#3185,#3186);
#3188=CYLINDRICAL_SURFACE('',#3187,3.E-1);
#3189=ORIENTED_EDGE('',*,*,#3046,.F.);
#3191=ORIENTED_EDGE('',*,*,#3190,.T.);
#3193=ORIENTED_EDGE('',*,*,#3192,.F.);
#3194=ORIENTED_EDGE('',*,*,#3176,.T.);
#3195=EDGE_LOOP('',(#3189,#3191,#3193,#3194));
#3196=FACE_OUTER_BOUND('',#3195,.F.);
#3198=CARTESIAN_POINT('',(0.E0,2.25E0,-2.25E0));
#3199=DIRECTION('',(0.E0,1.E0,0.E0));
#3200=DIRECTION('',(0.E0,0.E0,1.E0));
#3201=AXIS2_PLACEMENT_3D('',#3198,#3199,#3200);
#3202=PLANE('',#3201);
#3203=ORIENTED_EDGE('',*,*,#3044,.T.);
#3205=ORIENTED_EDGE('',*,*,#3204,.T.);
#3207=ORIENTED_EDGE('',*,*,#3206,.F.);
#3208=ORIENTED_EDGE('',*,*,#3190,.F.);
#3209=EDGE_LOOP('',(#3203,#3205,#3207,#3208));
#3210=FACE_OUTER_BOUND('',#3209,.F.);
#3212=CARTESIAN_POINT('',(2.9E0,2.25E0,1.E0));
#3213=DIRECTION('',(0.E0,0.E0,1.E0));
#3214=DIRECTION('',(0.E0,-1.E0,0.E0));
#3215=AXIS2_PLACEMENT_3D('',#3212,#3213,#3214);
#3216=PLANE('',#3215);
#3217=ORIENTED_EDGE('',*,*,#3042,.F.);
#3219=ORIENTED_EDGE('',*,*,#3218,.T.);
#3221=ORIENTED_EDGE('',*,*,#3220,.T.);
#3222=ORIENTED_EDGE('',*,*,#3204,.F.);
#3223=EDGE_LOOP('',(#3217,#3219,#3221,#3222));
#3224=FACE_OUTER_BOUND('',#3223,.F.);
#3226=CARTESIAN_POINT('',(2.9E0,2.05E0,1.E0));
#3227=DIRECTION('',(0.E0,-1.E0,0.E0));
#3228=DIRECTION('',(0.E0,0.E0,-1.E0));
#3229=AXIS2_PLACEMENT_3D('',#3226,#3227,#3228);
#3230=PLANE('',#3229);
#3231=ORIENTED_EDGE('',*,*,#3040,.F.);
#3233=ORIENTED_EDGE('',*,*,#3232,.T.);
#3235=ORIENTED_EDGE('',*,*,#3234,.T.);
#3236=ORIENTED_EDGE('',*,*,#3218,.F.);
#3237=EDGE_LOOP('',(#3231,#3233,#3235,#3236));
#3238=FACE_OUTER_BOUND('',#3237,.F.);
#3240=CARTESIAN_POINT('',(2.9E0,2.05E0,-1.E0));
#3241=DIRECTION('',(0.E0,0.E0,-1.E0));
#3242=DIRECTION('',(0.E0,1.E0,0.E0));
#3243=AXIS2_PLACEMENT_3D('',#3240,#3241,#3242);
#3244=PLANE('',#3243);
#3245=ORIENTED_EDGE('',*,*,#3038,.F.);
#3247=ORIENTED_EDGE('',*,*,#3246,.T.);
#3249=ORIENTED_EDGE('',*,*,#3248,.F.);
#3250=ORIENTED_EDGE('',*,*,#3232,.F.);
#3251=EDGE_LOOP('',(#3245,#3247,#3249,#3250));
#3252=FACE_OUTER_BOUND('',#3251,.F.);
#3254=CARTESIAN_POINT('',(0.E0,2.25E0,-2.25E0));
#3255=DIRECTION('',(0.E0,1.E0,0.E0));
#3256=DIRECTION('',(0.E0,0.E0,1.E0));
#3257=AXIS2_PLACEMENT_3D('',#3254,#3255,#3256);
#3258=PLANE('',#3257);
#3259=ORIENTED_EDGE('',*,*,#3036,.T.);
#3261=ORIENTED_EDGE('',*,*,#3260,.F.);
#3263=ORIENTED_EDGE('',*,*,#3262,.F.);
#3264=ORIENTED_EDGE('',*,*,#3246,.F.);
#3265=EDGE_LOOP('',(#3259,#3261,#3263,#3264));
#3266=FACE_OUTER_BOUND('',#3265,.F.);
#3268=CARTESIAN_POINT('',(2.913725164437E0,1.95E0,-1.95E0));
#3269=DIRECTION('',(-1.E0,0.E0,0.E0));
#3270=DIRECTION('',(0.E0,1.E0,0.E0));
#3271=AXIS2_PLACEMENT_3D('',#3268,#3269,#3270);
#3272=CYLINDRICAL_SURFACE('',#3271,3.E-1);
#3273=ORIENTED_EDGE('',*,*,#3034,.F.);
#3275=ORIENTED_EDGE('',*,*,#3274,.T.);
#3277=ORIENTED_EDGE('',*,*,#3276,.F.);
#3278=ORIENTED_EDGE('',*,*,#3260,.T.);
#3279=EDGE_LOOP('',(#3273,#3275,#3277,#3278));
#3280=FACE_OUTER_BOUND('',#3279,.F.);
#3282=CARTESIAN_POINT('',(0.E0,-2.25E0,-2.25E0));
#3283=DIRECTION('',(0.E0,0.E0,-1.E0));
#3284=DIRECTION('',(0.E0,1.E0,0.E0));
#3285=AXIS2_PLACEMENT_3D('',#3282,#3283,#3284);
#3286=PLANE('',#3285);
#3287=ORIENTED_EDGE('',*,*,#3032,.T.);
#3289=ORIENTED_EDGE('',*,*,#3288,.T.);
#3291=ORIENTED_EDGE('',*,*,#3290,.F.);
#3292=ORIENTED_EDGE('',*,*,#3274,.F.);
#3293=EDGE_LOOP('',(#3287,#3289,#3291,#3292));
#3294=FACE_OUTER_BOUND('',#3293,.F.);
#3296=CARTESIAN_POINT('',(2.9E0,1.E0,-2.25E0));
#3297=DIRECTION('',(0.E0,1.E0,0.E0));
#3298=DIRECTION('',(0.E0,0.E0,1.E0));
#3299=AXIS2_PLACEMENT_3D('',#3296,#3297,#3298);
#3300=PLANE('',#3299);
#3301=ORIENTED_EDGE('',*,*,#3030,.F.);
#3303=ORIENTED_EDGE('',*,*,#3302,.T.);
#3305=ORIENTED_EDGE('',*,*,#3304,.T.);
#3306=ORIENTED_EDGE('',*,*,#3288,.F.);
#3307=EDGE_LOOP('',(#3301,#3303,#3305,#3306));
#3308=FACE_OUTER_BOUND('',#3307,.F.);
#3310=CARTESIAN_POINT('',(2.9E0,1.E0,-2.05E0));
#3311=DIRECTION('',(0.E0,0.E0,1.E0));
#3312=DIRECTION('',(0.E0,-1.E0,0.E0));
#3313=AXIS2_PLACEMENT_3D('',#3310,#3311,#3312);
#3314=PLANE('',#3313);
#3315=ORIENTED_EDGE('',*,*,#3028,.F.);
#3317=ORIENTED_EDGE('',*,*,#3316,.T.);
#3319=ORIENTED_EDGE('',*,*,#3318,.T.);
#3320=ORIENTED_EDGE('',*,*,#3302,.F.);
#3321=EDGE_LOOP('',(#3315,#3317,#3319,#3320));
#3322=FACE_OUTER_BOUND('',#3321,.F.);
#3324=CARTESIAN_POINT('',(2.9E0,-1.E0,-2.05E0));
#3325=DIRECTION('',(0.E0,-1.E0,0.E0));
#3326=DIRECTION('',(0.E0,0.E0,-1.E0));
#3327=AXIS2_PLACEMENT_3D('',#3324,#3325,#3326);
#3328=PLANE('',#3327);
#3329=ORIENTED_EDGE('',*,*,#3026,.F.);
#3331=ORIENTED_EDGE('',*,*,#3330,.T.);
#3333=ORIENTED_EDGE('',*,*,#3332,.F.);
#3334=ORIENTED_EDGE('',*,*,#3316,.F.);
#3335=EDGE_LOOP('',(#3329,#3331,#3333,#3334));
#3336=FACE_OUTER_BOUND('',#3335,.F.);
#3338=CARTESIAN_POINT('',(0.E0,-2.25E0,-2.25E0));
#3339=DIRECTION('',(0.E0,0.E0,-1.E0));
#3340=DIRECTION('',(0.E0,1.E0,0.E0));
#3341=AXIS2_PLACEMENT_3D('',#3338,#3339,#3340);
#3342=PLANE('',#3341);
#3343=ORIENTED_EDGE('',*,*,#3024,.T.);
#3345=ORIENTED_EDGE('',*,*,#3344,.F.);
#3347=ORIENTED_EDGE('',*,*,#3346,.F.);
#3348=ORIENTED_EDGE('',*,*,#3330,.F.);
#3349=EDGE_LOOP('',(#3343,#3345,#3347,#3348));
#3350=FACE_OUTER_BOUND('',#3349,.F.);
#3352=CARTESIAN_POINT('',(2.913725164437E0,-1.95E0,-1.95E0));
#3353=DIRECTION('',(-1.E0,0.E0,0.E0));
#3354=DIRECTION('',(0.E0,0.E0,-1.E0));
#3355=AXIS2_PLACEMENT_3D('',#3352,#3353,#3354);
#3356=CYLINDRICAL_SURFACE('',#3355,3.E-1);
#3357=ORIENTED_EDGE('',*,*,#3022,.F.);
#3359=ORIENTED_EDGE('',*,*,#3358,.T.);
#3361=ORIENTED_EDGE('',*,*,#3360,.F.);
#3362=ORIENTED_EDGE('',*,*,#3344,.T.);
#3363=EDGE_LOOP('',(#3357,#3359,#3361,#3362));
#3364=FACE_OUTER_BOUND('',#3363,.F.);
#3366=CARTESIAN_POINT('',(0.E0,-2.25E0,2.25E0));
#3367=DIRECTION('',(0.E0,-1.E0,0.E0));
#3368=DIRECTION('',(0.E0,0.E0,-1.E0));
#3369=AXIS2_PLACEMENT_3D('',#3366,#3367,#3368);
#3370=PLANE('',#3369);
#3371=ORIENTED_EDGE('',*,*,#3020,.T.);
#3373=ORIENTED_EDGE('',*,*,#3372,.T.);
#3375=ORIENTED_EDGE('',*,*,#3374,.F.);
#3376=ORIENTED_EDGE('',*,*,#3358,.F.);
#3377=EDGE_LOOP('',(#3371,#3373,#3375,#3376));
#3378=FACE_OUTER_BOUND('',#3377,.F.);
#3380=CARTESIAN_POINT('',(2.9E0,-2.25E0,-1.E0));
#3381=DIRECTION('',(0.E0,0.E0,-1.E0));
#3382=DIRECTION('',(0.E0,1.E0,0.E0));
#3383=AXIS2_PLACEMENT_3D('',#3380,#3381,#3382);
#3384=PLANE('',#3383);
#3385=ORIENTED_EDGE('',*,*,#3018,.F.);
#3387=ORIENTED_EDGE('',*,*,#3386,.T.);
#3389=ORIENTED_EDGE('',*,*,#3388,.T.);
#3390=ORIENTED_EDGE('',*,*,#3372,.F.);
#3391=EDGE_LOOP('',(#3385,#3387,#3389,#3390));
#3392=FACE_OUTER_BOUND('',#3391,.F.);
#3394=CARTESIAN_POINT('',(2.9E0,-2.05E0,-1.E0));
#3395=DIRECTION('',(0.E0,1.E0,0.E0));
#3396=DIRECTION('',(0.E0,0.E0,1.E0));
#3397=AXIS2_PLACEMENT_3D('',#3394,#3395,#3396);
#3398=PLANE('',#3397);
#3399=ORIENTED_EDGE('',*,*,#3016,.F.);
#3400=ORIENTED_EDGE('',*,*,#3081,.T.);
#3402=ORIENTED_EDGE('',*,*,#3401,.T.);
#3403=ORIENTED_EDGE('',*,*,#3386,.F.);
#3404=EDGE_LOOP('',(#3399,#3400,#3402,#3403));
#3405=FACE_OUTER_BOUND('',#3404,.F.);
#3407=CARTESIAN_POINT('',(2.9E0,0.E0,0.E0));
#3408=DIRECTION('',(1.E0,0.E0,0.E0));
#3409=DIRECTION('',(0.E0,1.E0,0.E0));
#3410=AXIS2_PLACEMENT_3D('',#3407,#3408,#3409);
#3411=PLANE('',#3410);
#3412=ORIENTED_EDGE('',*,*,#3108,.T.);
#3413=ORIENTED_EDGE('',*,*,#3122,.T.);
#3414=ORIENTED_EDGE('',*,*,#3136,.F.);
#3415=ORIENTED_EDGE('',*,*,#3150,.F.);
#3416=ORIENTED_EDGE('',*,*,#3164,.T.);
#3417=ORIENTED_EDGE('',*,*,#3178,.T.);
#3418=ORIENTED_EDGE('',*,*,#3192,.T.);
#3419=ORIENTED_EDGE('',*,*,#3206,.T.);
#3420=ORIENTED_EDGE('',*,*,#3220,.F.);
#3421=ORIENTED_EDGE('',*,*,#3234,.F.);
#3422=ORIENTED_EDGE('',*,*,#3248,.T.);
#3423=ORIENTED_EDGE('',*,*,#3262,.T.);
#3424=ORIENTED_EDGE('',*,*,#3276,.T.);
#3425=ORIENTED_EDGE('',*,*,#3290,.T.);
#3426=ORIENTED_EDGE('',*,*,#3304,.F.);
#3427=ORIENTED_EDGE('',*,*,#3318,.F.);
#3428=ORIENTED_EDGE('',*,*,#3332,.T.);
#3429=ORIENTED_EDGE('',*,*,#3346,.T.);
#3430=ORIENTED_EDGE('',*,*,#3360,.T.);
#3431=ORIENTED_EDGE('',*,*,#3374,.T.);
#3432=ORIENTED_EDGE('',*,*,#3388,.F.);
#3433=ORIENTED_EDGE('',*,*,#3401,.F.);
#3434=ORIENTED_EDGE('',*,*,#3079,.T.);
#3435=ORIENTED_EDGE('',*,*,#3094,.T.);
#3436=EDGE_LOOP('',(#3412,#3413,#3414,#3415,#3416,#3417,#3418,#3419,#3420,#3421,
#3422,#3423,#3424,#3425,#3426,#3427,#3428,#3429,#3430,#3431,#3432,#3433,#3434,
#3435));
#3437=FACE_OUTER_BOUND('',#3436,.F.);
#3439=ORIENTED_EDGE('',*,*,#3438,.T.);
#3441=ORIENTED_EDGE('',*,*,#3440,.T.);
#3442=EDGE_LOOP('',(#3439,#3441));
#3443=FACE_BOUND('',#3442,.F.);
#3445=ORIENTED_EDGE('',*,*,#3444,.T.);
#3447=ORIENTED_EDGE('',*,*,#3446,.T.);
#3448=EDGE_LOOP('',(#3445,#3447));
#3449=FACE_BOUND('',#3448,.F.);
#3451=ORIENTED_EDGE('',*,*,#3450,.T.);
#3453=ORIENTED_EDGE('',*,*,#3452,.T.);
#3454=EDGE_LOOP('',(#3451,#3453));
#3455=FACE_BOUND('',#3454,.F.);
#3457=ORIENTED_EDGE('',*,*,#3456,.T.);
#3459=ORIENTED_EDGE('',*,*,#3458,.T.);
#3460=EDGE_LOOP('',(#3457,#3459));
#3461=FACE_BOUND('',#3460,.F.);
#3463=ORIENTED_EDGE('',*,*,#3462,.T.);
#3465=ORIENTED_EDGE('',*,*,#3464,.T.);
#3466=EDGE_LOOP('',(#3463,#3465));
#3467=FACE_BOUND('',#3466,.F.);
#3469=CARTESIAN_POINT('',(2.9E0,1.65E0,-1.65E0));
#3470=DIRECTION('',(1.E0,0.E0,0.E0));
#3471=DIRECTION('',(0.E0,-1.E0,0.E0));
#3472=AXIS2_PLACEMENT_3D('',#3469,#3470,#3471);
#3473=CYLINDRICAL_SURFACE('',#3472,3.5E-1);
#3475=ORIENTED_EDGE('',*,*,#3474,.F.);
#3477=ORIENTED_EDGE('',*,*,#3476,.T.);
#3478=ORIENTED_EDGE('',*,*,#3438,.F.);
#3480=ORIENTED_EDGE('',*,*,#3479,.F.);
#3481=EDGE_LOOP('',(#3475,#3477,#3478,#3480));
#3482=FACE_OUTER_BOUND('',#3481,.F.);
#3484=CARTESIAN_POINT('',(2.938778799050E0,1.302452597738E0,-1.610827352702E0));
#3485=CARTESIAN_POINT('',(3.095716278931E0,1.295445750067E0,-1.610037599216E0));
#3486=CARTESIAN_POINT('',(3.206799641786E0,1.405830460011E0,-1.622479243957E0));
#3487=CARTESIAN_POINT('',(3.199748012682E0,1.561780459362E0,-1.640056628455E0));
#3488=CARTESIAN_POINT('',(2.938778799050E0,1.277408897818E0,-1.833019965422E0));
#3489=CARTESIAN_POINT('',(3.095716278932E0,1.269897148113E0,-1.836709801714E0));
#3490=CARTESIAN_POINT('',(3.206799641786E0,1.388236000524E0,-1.778580735965E0));
#3491=CARTESIAN_POINT('',(3.199748012682E0,1.555423502905E0,-1.696456791712E0));
#3492=CARTESIAN_POINT('',(2.938778799051E0,1.426400482889E0,-1.999748042334E0));
#3493=CARTESIAN_POINT('',(3.095716278932E0,1.421892528735E0,-2.006799256757E0));
#3494=CARTESIAN_POINT('',(3.206799641786E0,1.492910086856E0,-1.895715600383E0));
#3495=CARTESIAN_POINT('',(3.199748012682E0,1.593242715791E0,-1.738778139134E0));
#3496=CARTESIAN_POINT('',(2.938778799051E0,1.650000000001E0,-1.999748042333E0));
#3497=CARTESIAN_POINT('',(3.095716278932E0,1.650000000001E0,-2.006799256756E0));
#3498=CARTESIAN_POINT('',(3.206799641786E0,1.65E0,-1.895715600383E0));
#3499=CARTESIAN_POINT('',(3.199748012682E0,1.65E0,-1.738778139134E0));
#3500=CARTESIAN_POINT('',(2.938778799051E0,1.873599517113E0,-1.999748042333E0));
#3501=CARTESIAN_POINT('',(3.095716278932E0,1.878107471266E0,-2.006799256756E0));
#3502=CARTESIAN_POINT('',(3.206799641786E0,1.807089913145E0,-1.895715600382E0));
#3503=CARTESIAN_POINT('',(3.199748012682E0,1.706757284210E0,-1.738778139134E0));
#3504=CARTESIAN_POINT('',(2.938778799051E0,2.022591102183E0,-1.833019965421E0));
#3505=CARTESIAN_POINT('',(3.095716278932E0,2.030102851888E0,-1.836709801713E0));
#3506=CARTESIAN_POINT('',(3.206799641786E0,1.911763999477E0,-1.778580735964E0));
#3507=CARTESIAN_POINT('',(3.199748012682E0,1.744576497095E0,-1.696456791712E0));
#3508=CARTESIAN_POINT('',(2.938778799051E0,1.997547402263E0,-1.610827352701E0));
#3509=CARTESIAN_POINT('',(3.095716278932E0,2.004554249933E0,-1.610037599215E0));
#3510=CARTESIAN_POINT('',(3.206799641786E0,1.894169539989E0,-1.622479243957E0));
#3511=CARTESIAN_POINT('',(3.199748012682E0,1.738219540638E0,-1.640056628455E0));
#3512=(BOUNDED_SURFACE()B_SPLINE_SURFACE(3,3,((#3484,#3485,#3486,#3487),(#3488,
#3489,#3490,#3491),(#3492,#3493,#3494,#3495),(#3496,#3497,#3498,#3499),(#3500,
#3501,#3502,#3503),(#3504,#3505,#3506,#3507),(#3508,#3509,#3510,#3511)),
.UNSPECIFIED.,.F.,.F.,.F.)B_SPLINE_SURFACE_WITH_KNOTS((4,3,4),(4,4),(0.E0,1.E0,
2.E0),(0.E0,1.E0),.UNSPECIFIED.)GEOMETRIC_REPRESENTATION_ITEM()RATIONAL_B_SPLINE_SURFACE(((1.433418718117E0,1.122514797475E0,1.122514797475E0,1.433418718117E0),(
1.114561719708E0,8.728168589259E-1,8.728168589259E-1,1.114561719708E0),(
1.114561719708E0,8.728168589259E-1,8.728168589259E-1,1.114561719708E0),(
1.433418718117E0,1.122514797475E0,1.122514797475E0,1.433418718117E0),(
1.114561719708E0,8.728168589259E-1,8.728168589259E-1,1.114561719708E0),(
1.114561719708E0,8.728168589259E-1,8.728168589259E-1,1.114561719708E0),(
1.433418718117E0,1.122514797475E0,1.122514797475E0,1.433418718117E0)))REPRESENTATION_ITEM('')SURFACE());
#3514=ORIENTED_EDGE('',*,*,#3513,.F.);
#3516=ORIENTED_EDGE('',*,*,#3515,.F.);
#3517=ORIENTED_EDGE('',*,*,#3474,.T.);
#3519=ORIENTED_EDGE('',*,*,#3518,.T.);
#3520=EDGE_LOOP('',(#3514,#3516,#3517,#3519));
#3521=FACE_OUTER_BOUND('',#3520,.F.);
#3523=CARTESIAN_POINT('',(3.2E0,0.E0,0.E0));
#3524=DIRECTION('',(1.E0,0.E0,0.E0));
#3525=DIRECTION('',(0.E0,-1.E0,0.E0));
#3526=AXIS2_PLACEMENT_3D('',#3523,#3524,#3525);
#3527=PLANE('',#3526);
#3528=ORIENTED_EDGE('',*,*,#3513,.T.);
#3530=ORIENTED_EDGE('',*,*,#3529,.T.);
#3531=EDGE_LOOP('',(#3528,#3530));
#3532=FACE_OUTER_BOUND('',#3531,.F.);
#3534=CARTESIAN_POINT('',(2.938778799050E0,1.997547402262E0,-1.689172647298E0));
#3535=CARTESIAN_POINT('',(3.095716278931E0,2.004554249933E0,-1.689962400784E0));
#3536=CARTESIAN_POINT('',(3.206799641786E0,1.894169539989E0,-1.677520756043E0));
#3537=CARTESIAN_POINT('',(3.199748012682E0,1.738219540638E0,-1.659943371545E0));
#3538=CARTESIAN_POINT('',(2.938778799050E0,2.022591102182E0,-1.466980034578E0));
#3539=CARTESIAN_POINT('',(3.095716278932E0,2.030102851887E0,-1.463290198286E0));
#3540=CARTESIAN_POINT('',(3.206799641786E0,1.911763999476E0,-1.521419264035E0));
#3541=CARTESIAN_POINT('',(3.199748012682E0,1.744576497095E0,-1.603543208288E0));
#3542=CARTESIAN_POINT('',(2.938778799051E0,1.873599517111E0,-1.300251957666E0));
#3543=CARTESIAN_POINT('',(3.095716278932E0,1.878107471265E0,-1.293200743243E0));
#3544=CARTESIAN_POINT('',(3.206799641786E0,1.807089913144E0,-1.404284399617E0));
#3545=CARTESIAN_POINT('',(3.199748012682E0,1.706757284209E0,-1.561221860866E0));
#3546=CARTESIAN_POINT('',(2.938778799051E0,1.649999999999E0,-1.300251957667E0));
#3547=CARTESIAN_POINT('',(3.095716278932E0,1.649999999999E0,-1.293200743244E0));
#3548=CARTESIAN_POINT('',(3.206799641786E0,1.65E0,-1.404284399617E0));
#3549=CARTESIAN_POINT('',(3.199748012682E0,1.65E0,-1.561221860866E0));
#3550=CARTESIAN_POINT('',(2.938778799051E0,1.426400482887E0,-1.300251957667E0));
#3551=CARTESIAN_POINT('',(3.095716278932E0,1.421892528734E0,-1.293200743244E0));
#3552=CARTESIAN_POINT('',(3.206799641786E0,1.492910086855E0,-1.404284399617E0));
#3553=CARTESIAN_POINT('',(3.199748012682E0,1.593242715790E0,-1.561221860866E0));
#3554=CARTESIAN_POINT('',(2.938778799051E0,1.277408897817E0,-1.466980034579E0));
#3555=CARTESIAN_POINT('',(3.095716278932E0,1.269897148112E0,-1.463290198287E0));
#3556=CARTESIAN_POINT('',(3.206799641786E0,1.388236000523E0,-1.521419264036E0));
#3557=CARTESIAN_POINT('',(3.199748012682E0,1.555423502905E0,-1.603543208288E0));
#3558=CARTESIAN_POINT('',(2.938778799051E0,1.302452597737E0,-1.689172647299E0));
#3559=CARTESIAN_POINT('',(3.095716278932E0,1.295445750067E0,-1.689962400785E0));
#3560=CARTESIAN_POINT('',(3.206799641786E0,1.405830460011E0,-1.677520756043E0));
#3561=CARTESIAN_POINT('',(3.199748012682E0,1.561780459362E0,-1.659943371545E0));
#3562=(BOUNDED_SURFACE()B_SPLINE_SURFACE(3,3,((#3534,#3535,#3536,#3537),(#3538,
#3539,#3540,#3541),(#3542,#3543,#3544,#3545),(#3546,#3547,#3548,#3549),(#3550,
#3551,#3552,#3553),(#3554,#3555,#3556,#3557),(#3558,#3559,#3560,#3561)),
.UNSPECIFIED.,.F.,.F.,.F.)B_SPLINE_SURFACE_WITH_KNOTS((4,3,4),(4,4),(0.E0,1.E0,
2.E0),(0.E0,1.E0),.UNSPECIFIED.)GEOMETRIC_REPRESENTATION_ITEM()RATIONAL_B_SPLINE_SURFACE(((1.433418718117E0,1.122514797475E0,1.122514797475E0,1.433418718117E0),(
1.114561719708E0,8.728168589259E-1,8.728168589259E-1,1.114561719708E0),(
1.114561719708E0,8.728168589259E-1,8.728168589259E-1,1.114561719708E0),(
1.433418718117E0,1.122514797475E0,1.122514797475E0,1.433418718117E0),(
1.114561719708E0,8.728168589259E-1,8.728168589259E-1,1.114561719708E0),(
1.114561719708E0,8.728168589259E-1,8.728168589259E-1,1.114561719708E0),(
1.433418718117E0,1.122514797475E0,1.122514797475E0,1.433418718117E0)))REPRESENTATION_ITEM('')SURFACE());
#3563=ORIENTED_EDGE('',*,*,#3529,.F.);
#3564=ORIENTED_EDGE('',*,*,#3518,.F.);
#3566=ORIENTED_EDGE('',*,*,#3565,.T.);
#3567=ORIENTED_EDGE('',*,*,#3515,.T.);
#3568=EDGE_LOOP('',(#3563,#3564,#3566,#3567));
#3569=FACE_OUTER_BOUND('',#3568,.F.);
#3571=CARTESIAN_POINT('',(2.9E0,1.65E0,-1.65E0));
#3572=DIRECTION('',(1.E0,0.E0,0.E0));
#3573=DIRECTION('',(0.E0,-1.E0,0.E0));
#3574=AXIS2_PLACEMENT_3D('',#3571,#3572,#3573);
#3575=CYLINDRICAL_SURFACE('',#3574,3.5E-1);
#3576=ORIENTED_EDGE('',*,*,#3565,.F.);
#3577=ORIENTED_EDGE('',*,*,#3479,.T.);
#3578=ORIENTED_EDGE('',*,*,#3440,.F.);
#3579=ORIENTED_EDGE('',*,*,#3476,.F.);
#3580=EDGE_LOOP('',(#3576,#3577,#3578,#3579));
#3581=FACE_OUTER_BOUND('',#3580,.F.);
#3583=CARTESIAN_POINT('',(2.9E0,1.65E0,1.65E0));
#3584=DIRECTION('',(1.E0,0.E0,0.E0));
#3585=DIRECTION('',(0.E0,-1.E0,0.E0));
#3586=AXIS2_PLACEMENT_3D('',#3583,#3584,#3585);
#3587=CYLINDRICAL_SURFACE('',#3586,3.5E-1);
#3589=ORIENTED_EDGE('',*,*,#3588,.F.);
#3591=ORIENTED_EDGE('',*,*,#3590,.T.);
#3592=ORIENTED_EDGE('',*,*,#3444,.F.);
#3594=ORIENTED_EDGE('',*,*,#3593,.F.);
#3595=EDGE_LOOP('',(#3589,#3591,#3592,#3594));
#3596=FACE_OUTER_BOUND('',#3595,.F.);
#3598=CARTESIAN_POINT('',(2.938778799050E0,1.302452597738E0,1.689172647298E0));
#3599=CARTESIAN_POINT('',(3.095716278931E0,1.295445750067E0,1.689962400784E0));
#3600=CARTESIAN_POINT('',(3.206799641786E0,1.405830460011E0,1.677520756043E0));
#3601=CARTESIAN_POINT('',(3.199748012682E0,1.561780459362E0,1.659943371545E0));
#3602=CARTESIAN_POINT('',(2.938778799050E0,1.277408897818E0,1.466980034578E0));
#3603=CARTESIAN_POINT('',(3.095716278932E0,1.269897148113E0,1.463290198286E0));
#3604=CARTESIAN_POINT('',(3.206799641786E0,1.388236000524E0,1.521419264035E0));
#3605=CARTESIAN_POINT('',(3.199748012682E0,1.555423502905E0,1.603543208288E0));
#3606=CARTESIAN_POINT('',(2.938778799051E0,1.426400482889E0,1.300251957666E0));
#3607=CARTESIAN_POINT('',(3.095716278932E0,1.421892528735E0,1.293200743243E0));
#3608=CARTESIAN_POINT('',(3.206799641786E0,1.492910086856E0,1.404284399617E0));
#3609=CARTESIAN_POINT('',(3.199748012682E0,1.593242715791E0,1.561221860866E0));
#3610=CARTESIAN_POINT('',(2.938778799051E0,1.650000000001E0,1.300251957667E0));
#3611=CARTESIAN_POINT('',(3.095716278932E0,1.650000000001E0,1.293200743244E0));
#3612=CARTESIAN_POINT('',(3.206799641786E0,1.65E0,1.404284399617E0));
#3613=CARTESIAN_POINT('',(3.199748012682E0,1.65E0,1.561221860866E0));
#3614=CARTESIAN_POINT('',(2.938778799051E0,1.873599517113E0,1.300251957667E0));
#3615=CARTESIAN_POINT('',(3.095716278932E0,1.878107471266E0,1.293200743244E0));
#3616=CARTESIAN_POINT('',(3.206799641786E0,1.807089913145E0,1.404284399617E0));
#3617=CARTESIAN_POINT('',(3.199748012682E0,1.706757284210E0,1.561221860866E0));
#3618=CARTESIAN_POINT('',(2.938778799051E0,2.022591102183E0,1.466980034579E0));
#3619=CARTESIAN_POINT('',(3.095716278932E0,2.030102851888E0,1.463290198287E0));
#3620=CARTESIAN_POINT('',(3.206799641786E0,1.911763999477E0,1.521419264036E0));
#3621=CARTESIAN_POINT('',(3.199748012682E0,1.744576497095E0,1.603543208288E0));
#3622=CARTESIAN_POINT('',(2.938778799051E0,1.997547402263E0,1.689172647299E0));
#3623=CARTESIAN_POINT('',(3.095716278932E0,2.004554249933E0,1.689962400785E0));
#3624=CARTESIAN_POINT('',(3.206799641786E0,1.894169539989E0,1.677520756043E0));
#3625=CARTESIAN_POINT('',(3.199748012682E0,1.738219540638E0,1.659943371545E0));
#3626=(BOUNDED_SURFACE()B_SPLINE_SURFACE(3,3,((#3598,#3599,#3600,#3601),(#3602,
#3603,#3604,#3605),(#3606,#3607,#3608,#3609),(#3610,#3611,#3612,#3613),(#3614,
#3615,#3616,#3617),(#3618,#3619,#3620,#3621),(#3622,#3623,#3624,#3625)),
.UNSPECIFIED.,.F.,.F.,.F.)B_SPLINE_SURFACE_WITH_KNOTS((4,3,4),(4,4),(0.E0,1.E0,
2.E0),(0.E0,1.E0),.UNSPECIFIED.)GEOMETRIC_REPRESENTATION_ITEM()RATIONAL_B_SPLINE_SURFACE(((1.433418718117E0,1.122514797475E0,1.122514797475E0,1.433418718117E0),(
1.114561719708E0,8.728168589259E-1,8.728168589259E-1,1.114561719708E0),(
1.114561719708E0,8.728168589259E-1,8.728168589259E-1,1.114561719708E0),(
1.433418718117E0,1.122514797475E0,1.122514797475E0,1.433418718117E0),(
1.114561719708E0,8.728168589259E-1,8.728168589259E-1,1.114561719708E0),(
1.114561719708E0,8.728168589259E-1,8.728168589259E-1,1.114561719708E0),(
1.433418718117E0,1.122514797475E0,1.122514797475E0,1.433418718117E0)))REPRESENTATION_ITEM('')SURFACE());
#3628=ORIENTED_EDGE('',*,*,#3627,.F.);
#3630=ORIENTED_EDGE('',*,*,#3629,.F.);
#3631=ORIENTED_EDGE('',*,*,#3588,.T.);
#3633=ORIENTED_EDGE('',*,*,#3632,.T.);
#3634=EDGE_LOOP('',(#3628,#3630,#3631,#3633));
#3635=FACE_OUTER_BOUND('',#3634,.F.);
#3637=CARTESIAN_POINT('',(3.2E0,0.E0,0.E0));
#3638=DIRECTION('',(1.E0,0.E0,0.E0));
#3639=DIRECTION('',(0.E0,-1.E0,0.E0));
#3640=AXIS2_PLACEMENT_3D('',#3637,#3638,#3639);
#3641=PLANE('',#3640);
#3642=ORIENTED_EDGE('',*,*,#3627,.T.);
#3644=ORIENTED_EDGE('',*,*,#3643,.T.);
#3645=EDGE_LOOP('',(#3642,#3644));
#3646=FACE_OUTER_BOUND('',#3645,.F.);
#3648=CARTESIAN_POINT('',(2.938778799050E0,1.997547402262E0,1.610827352702E0));
#3649=CARTESIAN_POINT('',(3.095716278931E0,2.004554249933E0,1.610037599216E0));
#3650=CARTESIAN_POINT('',(3.206799641786E0,1.894169539989E0,1.622479243957E0));
#3651=CARTESIAN_POINT('',(3.199748012682E0,1.738219540638E0,1.640056628455E0));
#3652=CARTESIAN_POINT('',(2.938778799050E0,2.022591102182E0,1.833019965422E0));
#3653=CARTESIAN_POINT('',(3.095716278932E0,2.030102851887E0,1.836709801714E0));
#3654=CARTESIAN_POINT('',(3.206799641786E0,1.911763999476E0,1.778580735965E0));
#3655=CARTESIAN_POINT('',(3.199748012682E0,1.744576497095E0,1.696456791712E0));
#3656=CARTESIAN_POINT('',(2.938778799051E0,1.873599517111E0,1.999748042334E0));
#3657=CARTESIAN_POINT('',(3.095716278932E0,1.878107471265E0,2.006799256757E0));
#3658=CARTESIAN_POINT('',(3.206799641786E0,1.807089913144E0,1.895715600383E0));
#3659=CARTESIAN_POINT('',(3.199748012682E0,1.706757284209E0,1.738778139134E0));
#3660=CARTESIAN_POINT('',(2.938778799051E0,1.649999999999E0,1.999748042333E0));
#3661=CARTESIAN_POINT('',(3.095716278932E0,1.649999999999E0,2.006799256756E0));
#3662=CARTESIAN_POINT('',(3.206799641786E0,1.65E0,1.895715600383E0));
#3663=CARTESIAN_POINT('',(3.199748012682E0,1.65E0,1.738778139134E0));
#3664=CARTESIAN_POINT('',(2.938778799051E0,1.426400482887E0,1.999748042333E0));
#3665=CARTESIAN_POINT('',(3.095716278932E0,1.421892528734E0,2.006799256756E0));
#3666=CARTESIAN_POINT('',(3.206799641786E0,1.492910086855E0,1.895715600383E0));
#3667=CARTESIAN_POINT('',(3.199748012682E0,1.593242715790E0,1.738778139134E0));
#3668=CARTESIAN_POINT('',(2.938778799051E0,1.277408897817E0,1.833019965421E0));
#3669=CARTESIAN_POINT('',(3.095716278932E0,1.269897148112E0,1.836709801713E0));
#3670=CARTESIAN_POINT('',(3.206799641786E0,1.388236000523E0,1.778580735964E0));
#3671=CARTESIAN_POINT('',(3.199748012682E0,1.555423502905E0,1.696456791712E0));
#3672=CARTESIAN_POINT('',(2.938778799051E0,1.302452597737E0,1.610827352701E0));
#3673=CARTESIAN_POINT('',(3.095716278932E0,1.295445750067E0,1.610037599215E0));
#3674=CARTESIAN_POINT('',(3.206799641786E0,1.405830460011E0,1.622479243957E0));
#3675=CARTESIAN_POINT('',(3.199748012682E0,1.561780459362E0,1.640056628455E0));
#3676=(BOUNDED_SURFACE()B_SPLINE_SURFACE(3,3,((#3648,#3649,#3650,#3651),(#3652,
#3653,#3654,#3655),(#3656,#3657,#3658,#3659),(#3660,#3661,#3662,#3663),(#3664,
#3665,#3666,#3667),(#3668,#3669,#3670,#3671),(#3672,#3673,#3674,#3675)),
.UNSPECIFIED.,.F.,.F.,.F.)B_SPLINE_SURFACE_WITH_KNOTS((4,3,4),(4,4),(0.E0,1.E0,
2.E0),(0.E0,1.E0),.UNSPECIFIED.)GEOMETRIC_REPRESENTATION_ITEM()RATIONAL_B_SPLINE_SURFACE(((1.433418718117E0,1.122514797475E0,1.122514797475E0,1.433418718117E0),(
1.114561719708E0,8.728168589259E-1,8.728168589259E-1,1.114561719708E0),(
1.114561719708E0,8.728168589259E-1,8.728168589259E-1,1.114561719708E0),(
1.433418718117E0,1.122514797475E0,1.122514797475E0,1.433418718117E0),(
1.114561719708E0,8.728168589259E-1,8.728168589259E-1,1.114561719708E0),(
1.114561719708E0,8.728168589259E-1,8.728168589259E-1,1.114561719708E0),(
1.433418718117E0,1.122514797475E0,1.122514797475E0,1.433418718117E0)))REPRESENTATION_ITEM('')SURFACE());
#3677=ORIENTED_EDGE('',*,*,#3643,.F.);
#3678=ORIENTED_EDGE('',*,*,#3632,.F.);
#3680=ORIENTED_EDGE('',*,*,#3679,.T.);
#3681=ORIENTED_EDGE('',*,*,#3629,.T.);
#3682=EDGE_LOOP('',(#3677,#3678,#3680,#3681));
#3683=FACE_OUTER_BOUND('',#3682,.F.);
#3685=CARTESIAN_POINT('',(2.9E0,1.65E0,1.65E0));
#3686=DIRECTION('',(1.E0,0.E0,0.E0));
#3687=DIRECTION('',(0.E0,-1.E0,0.E0));
#3688=AXIS2_PLACEMENT_3D('',#3685,#3686,#3687);
#3689=CYLINDRICAL_SURFACE('',#3688,3.5E-1);
#3690=ORIENTED_EDGE('',*,*,#3679,.F.);
#3691=ORIENTED_EDGE('',*,*,#3593,.T.);
#3692=ORIENTED_EDGE('',*,*,#3446,.F.);
#3693=ORIENTED_EDGE('',*,*,#3590,.F.);
#3694=EDGE_LOOP('',(#3690,#3691,#3692,#3693));
#3695=FACE_OUTER_BOUND('',#3694,.F.);
#3697=CARTESIAN_POINT('',(2.9E0,-1.65E0,1.65E0));
#3698=DIRECTION('',(1.E0,0.E0,0.E0));
#3699=DIRECTION('',(0.E0,-1.E0,0.E0));
#3700=AXIS2_PLACEMENT_3D('',#3697,#3698,#3699);
#3701=CYLINDRICAL_SURFACE('',#3700,3.5E-1);
#3703=ORIENTED_EDGE('',*,*,#3702,.F.);
#3705=ORIENTED_EDGE('',*,*,#3704,.T.);
#3706=ORIENTED_EDGE('',*,*,#3450,.F.);
#3708=ORIENTED_EDGE('',*,*,#3707,.F.);
#3709=EDGE_LOOP('',(#3703,#3705,#3706,#3708));
#3710=FACE_OUTER_BOUND('',#3709,.F.);
#3712=CARTESIAN_POINT('',(2.938778799050E0,-1.997547402262E0,1.689172647298E0));
#3713=CARTESIAN_POINT('',(3.095716278931E0,-2.004554249933E0,1.689962400784E0));
#3714=CARTESIAN_POINT('',(3.206799641786E0,-1.894169539989E0,1.677520756043E0));
#3715=CARTESIAN_POINT('',(3.199748012682E0,-1.738219540638E0,1.659943371545E0));
#3716=CARTESIAN_POINT('',(2.938778799050E0,-2.022591102182E0,1.466980034578E0));
#3717=CARTESIAN_POINT('',(3.095716278932E0,-2.030102851887E0,1.463290198286E0));
#3718=CARTESIAN_POINT('',(3.206799641786E0,-1.911763999476E0,1.521419264035E0));
#3719=CARTESIAN_POINT('',(3.199748012682E0,-1.744576497095E0,1.603543208288E0));
#3720=CARTESIAN_POINT('',(2.938778799051E0,-1.873599517111E0,1.300251957666E0));
#3721=CARTESIAN_POINT('',(3.095716278932E0,-1.878107471265E0,1.293200743243E0));
#3722=CARTESIAN_POINT('',(3.206799641786E0,-1.807089913144E0,1.404284399617E0));
#3723=CARTESIAN_POINT('',(3.199748012682E0,-1.706757284209E0,1.561221860866E0));
#3724=CARTESIAN_POINT('',(2.938778799051E0,-1.649999999999E0,1.300251957667E0));
#3725=CARTESIAN_POINT('',(3.095716278932E0,-1.649999999999E0,1.293200743244E0));
#3726=CARTESIAN_POINT('',(3.206799641786E0,-1.65E0,1.404284399617E0));
#3727=CARTESIAN_POINT('',(3.199748012682E0,-1.65E0,1.561221860866E0));
#3728=CARTESIAN_POINT('',(2.938778799051E0,-1.426400482887E0,1.300251957667E0));
#3729=CARTESIAN_POINT('',(3.095716278932E0,-1.421892528734E0,1.293200743244E0));
#3730=CARTESIAN_POINT('',(3.206799641786E0,-1.492910086855E0,1.404284399617E0));
#3731=CARTESIAN_POINT('',(3.199748012682E0,-1.593242715790E0,1.561221860866E0));
#3732=CARTESIAN_POINT('',(2.938778799051E0,-1.277408897817E0,1.466980034579E0));
#3733=CARTESIAN_POINT('',(3.095716278932E0,-1.269897148112E0,1.463290198287E0));
#3734=CARTESIAN_POINT('',(3.206799641786E0,-1.388236000523E0,1.521419264036E0));
#3735=CARTESIAN_POINT('',(3.199748012682E0,-1.555423502905E0,1.603543208288E0));
#3736=CARTESIAN_POINT('',(2.938778799051E0,-1.302452597737E0,1.689172647299E0));
#3737=CARTESIAN_POINT('',(3.095716278932E0,-1.295445750067E0,1.689962400785E0));
#3738=CARTESIAN_POINT('',(3.206799641786E0,-1.405830460011E0,1.677520756043E0));
#3739=CARTESIAN_POINT('',(3.199748012682E0,-1.561780459362E0,1.659943371545E0));
#3740=(BOUNDED_SURFACE()B_SPLINE_SURFACE(3,3,((#3712,#3713,#3714,#3715),(#3716,
#3717,#3718,#3719),(#3720,#3721,#3722,#3723),(#3724,#3725,#3726,#3727),(#3728,
#3729,#3730,#3731),(#3732,#3733,#3734,#3735),(#3736,#3737,#3738,#3739)),
.UNSPECIFIED.,.F.,.F.,.F.)B_SPLINE_SURFACE_WITH_KNOTS((4,3,4),(4,4),(0.E0,1.E0,
2.E0),(0.E0,1.E0),.UNSPECIFIED.)GEOMETRIC_REPRESENTATION_ITEM()RATIONAL_B_SPLINE_SURFACE(((1.433418718117E0,1.122514797475E0,1.122514797475E0,1.433418718117E0),(
1.114561719708E0,8.728168589259E-1,8.728168589259E-1,1.114561719708E0),(
1.114561719708E0,8.728168589259E-1,8.728168589259E-1,1.114561719708E0),(
1.433418718117E0,1.122514797475E0,1.122514797475E0,1.433418718117E0),(
1.114561719708E0,8.728168589259E-1,8.728168589259E-1,1.114561719708E0),(
1.114561719708E0,8.728168589259E-1,8.728168589259E-1,1.114561719708E0),(
1.433418718117E0,1.122514797475E0,1.122514797475E0,1.433418718117E0)))REPRESENTATION_ITEM('')SURFACE());
#3742=ORIENTED_EDGE('',*,*,#3741,.F.);
#3744=ORIENTED_EDGE('',*,*,#3743,.F.);
#3745=ORIENTED_EDGE('',*,*,#3702,.T.);
#3747=ORIENTED_EDGE('',*,*,#3746,.T.);
#3748=EDGE_LOOP('',(#3742,#3744,#3745,#3747));
#3749=FACE_OUTER_BOUND('',#3748,.F.);
#3751=CARTESIAN_POINT('',(3.2E0,0.E0,0.E0));
#3752=DIRECTION('',(1.E0,0.E0,0.E0));
#3753=DIRECTION('',(0.E0,-1.E0,0.E0));
#3754=AXIS2_PLACEMENT_3D('',#3751,#3752,#3753);
#3755=PLANE('',#3754);
#3756=ORIENTED_EDGE('',*,*,#3741,.T.);
#3758=ORIENTED_EDGE('',*,*,#3757,.T.);
#3759=EDGE_LOOP('',(#3756,#3758));
#3760=FACE_OUTER_BOUND('',#3759,.F.);
#3762=CARTESIAN_POINT('',(2.938778799050E0,-1.302452597738E0,1.610827352702E0));
#3763=CARTESIAN_POINT('',(3.095716278931E0,-1.295445750067E0,1.610037599216E0));
#3764=CARTESIAN_POINT('',(3.206799641786E0,-1.405830460011E0,1.622479243957E0));
#3765=CARTESIAN_POINT('',(3.199748012682E0,-1.561780459362E0,1.640056628455E0));
#3766=CARTESIAN_POINT('',(2.938778799050E0,-1.277408897818E0,1.833019965422E0));
#3767=CARTESIAN_POINT('',(3.095716278932E0,-1.269897148113E0,1.836709801714E0));
#3768=CARTESIAN_POINT('',(3.206799641786E0,-1.388236000524E0,1.778580735965E0));
#3769=CARTESIAN_POINT('',(3.199748012682E0,-1.555423502905E0,1.696456791712E0));
#3770=CARTESIAN_POINT('',(2.938778799051E0,-1.426400482889E0,1.999748042334E0));
#3771=CARTESIAN_POINT('',(3.095716278932E0,-1.421892528735E0,2.006799256757E0));
#3772=CARTESIAN_POINT('',(3.206799641786E0,-1.492910086856E0,1.895715600383E0));
#3773=CARTESIAN_POINT('',(3.199748012682E0,-1.593242715791E0,1.738778139134E0));
#3774=CARTESIAN_POINT('',(2.938778799051E0,-1.650000000001E0,1.999748042333E0));
#3775=CARTESIAN_POINT('',(3.095716278932E0,-1.650000000001E0,2.006799256756E0));
#3776=CARTESIAN_POINT('',(3.206799641786E0,-1.65E0,1.895715600383E0));
#3777=CARTESIAN_POINT('',(3.199748012682E0,-1.65E0,1.738778139134E0));
#3778=CARTESIAN_POINT('',(2.938778799051E0,-1.873599517113E0,1.999748042333E0));
#3779=CARTESIAN_POINT('',(3.095716278932E0,-1.878107471266E0,2.006799256756E0));
#3780=CARTESIAN_POINT('',(3.206799641786E0,-1.807089913145E0,1.895715600382E0));
#3781=CARTESIAN_POINT('',(3.199748012682E0,-1.706757284210E0,1.738778139134E0));
#3782=CARTESIAN_POINT('',(2.938778799051E0,-2.022591102183E0,1.833019965421E0));
#3783=CARTESIAN_POINT('',(3.095716278932E0,-2.030102851888E0,1.836709801713E0));
#3784=CARTESIAN_POINT('',(3.206799641786E0,-1.911763999477E0,1.778580735964E0));
#3785=CARTESIAN_POINT('',(3.199748012682E0,-1.744576497095E0,1.696456791712E0));
#3786=CARTESIAN_POINT('',(2.938778799051E0,-1.997547402263E0,1.610827352701E0));
#3787=CARTESIAN_POINT('',(3.095716278932E0,-2.004554249933E0,1.610037599215E0));
#3788=CARTESIAN_POINT('',(3.206799641786E0,-1.894169539989E0,1.622479243957E0));
#3789=CARTESIAN_POINT('',(3.199748012682E0,-1.738219540638E0,1.640056628455E0));
#3790=(BOUNDED_SURFACE()B_SPLINE_SURFACE(3,3,((#3762,#3763,#3764,#3765),(#3766,
#3767,#3768,#3769),(#3770,#3771,#3772,#3773),(#3774,#3775,#3776,#3777),(#3778,
#3779,#3780,#3781),(#3782,#3783,#3784,#3785),(#3786,#3787,#3788,#3789)),
.UNSPECIFIED.,.F.,.F.,.F.)B_SPLINE_SURFACE_WITH_KNOTS((4,3,4),(4,4),(0.E0,1.E0,
2.E0),(0.E0,1.E0),.UNSPECIFIED.)GEOMETRIC_REPRESENTATION_ITEM()RATIONAL_B_SPLINE_SURFACE(((1.433418718117E0,1.122514797475E0,1.122514797475E0,1.433418718117E0),(
1.114561719708E0,8.728168589259E-1,8.728168589259E-1,1.114561719708E0),(
1.114561719708E0,8.728168589259E-1,8.728168589259E-1,1.114561719708E0),(
1.433418718117E0,1.122514797475E0,1.122514797475E0,1.433418718117E0),(
1.114561719708E0,8.728168589259E-1,8.728168589259E-1,1.114561719708E0),(
1.114561719708E0,8.728168589259E-1,8.728168589259E-1,1.114561719708E0),(
1.433418718117E0,1.122514797475E0,1.122514797475E0,1.433418718117E0)))REPRESENTATION_ITEM('')SURFACE());
#3791=ORIENTED_EDGE('',*,*,#3757,.F.);
#3792=ORIENTED_EDGE('',*,*,#3746,.F.);
#3794=ORIENTED_EDGE('',*,*,#3793,.T.);
#3795=ORIENTED_EDGE('',*,*,#3743,.T.);
#3796=EDGE_LOOP('',(#3791,#3792,#3794,#3795));
#3797=FACE_OUTER_BOUND('',#3796,.F.);
#3799=CARTESIAN_POINT('',(2.9E0,-1.65E0,1.65E0));
#3800=DIRECTION('',(1.E0,0.E0,0.E0));
#3801=DIRECTION('',(0.E0,-1.E0,0.E0));
#3802=AXIS2_PLACEMENT_3D('',#3799,#3800,#3801);
#3803=CYLINDRICAL_SURFACE('',#3802,3.5E-1);
#3804=ORIENTED_EDGE('',*,*,#3793,.F.);
#3805=ORIENTED_EDGE('',*,*,#3707,.T.);
#3806=ORIENTED_EDGE('',*,*,#3452,.F.);
#3807=ORIENTED_EDGE('',*,*,#3704,.F.);
#3808=EDGE_LOOP('',(#3804,#3805,#3806,#3807));
#3809=FACE_OUTER_BOUND('',#3808,.F.);
#3811=CARTESIAN_POINT('',(2.9E0,0.E0,0.E0));
#3812=DIRECTION('',(1.E0,0.E0,0.E0));
#3813=DIRECTION('',(0.E0,0.E0,-1.E0));
#3814=AXIS2_PLACEMENT_3D('',#3811,#3812,#3813);
#3815=CYLINDRICAL_SURFACE('',#3814,1.2E0);
#3816=ORIENTED_EDGE('',*,*,#3456,.F.);
#3818=ORIENTED_EDGE('',*,*,#3817,.F.);
#3820=ORIENTED_EDGE('',*,*,#3819,.F.);
#3822=ORIENTED_EDGE('',*,*,#3821,.T.);
#3823=EDGE_LOOP('',(#3816,#3818,#3820,#3822));
#3824=FACE_OUTER_BOUND('',#3823,.F.);
#3826=CARTESIAN_POINT('',(2.9E0,0.E0,0.E0));
#3827=DIRECTION('',(1.E0,0.E0,0.E0));
#3828=DIRECTION('',(0.E0,0.E0,-1.E0));
#3829=AXIS2_PLACEMENT_3D('',#3826,#3827,#3828);
#3830=CYLINDRICAL_SURFACE('',#3829,1.2E0);
#3831=ORIENTED_EDGE('',*,*,#3458,.F.);
#3832=ORIENTED_EDGE('',*,*,#3821,.F.);
#3834=ORIENTED_EDGE('',*,*,#3833,.F.);
#3835=ORIENTED_EDGE('',*,*,#3817,.T.);
#3836=EDGE_LOOP('',(#3831,#3832,#3834,#3835));
#3837=FACE_OUTER_BOUND('',#3836,.F.);
#3839=CARTESIAN_POINT('',(2.6E0,0.E0,0.E0));
#3840=DIRECTION('',(1.E0,0.E0,0.E0));
#3841=DIRECTION('',(0.E0,0.E0,-1.E0));
#3842=AXIS2_PLACEMENT_3D('',#3839,#3840,#3841);
#3843=PLANE('',#3842);
#3844=ORIENTED_EDGE('',*,*,#3819,.T.);
#3845=ORIENTED_EDGE('',*,*,#3833,.T.);
#3846=EDGE_LOOP('',(#3844,#3845));
#3847=FACE_OUTER_BOUND('',#3846,.F.);
#3849=ORIENTED_EDGE('',*,*,#3848,.F.);
#3851=ORIENTED_EDGE('',*,*,#3850,.F.);
#3852=EDGE_LOOP('',(#3849,#3851));
#3853=FACE_BOUND('',#3852,.F.);
#3855=CARTESIAN_POINT('',(3.8E0,0.E0,0.E0));
#3856=DIRECTION('',(1.E0,0.E0,0.E0));
#3857=DIRECTION('',(0.E0,-1.E0,0.E0));
#3858=AXIS2_PLACEMENT_3D('',#3855,#3856,#3857);
#3859=CYLINDRICAL_SURFACE('',#3858,1.15E0);
#3861=ORIENTED_EDGE('',*,*,#3860,.T.);
#3863=ORIENTED_EDGE('',*,*,#3862,.T.);
#3865=ORIENTED_EDGE('',*,*,#3864,.T.);
#3867=ORIENTED_EDGE('',*,*,#3866,.F.);
#3868=ORIENTED_EDGE('',*,*,#3848,.T.);
#3870=ORIENTED_EDGE('',*,*,#3869,.T.);
#3872=ORIENTED_EDGE('',*,*,#3871,.F.);
#3874=ORIENTED_EDGE('',*,*,#3873,.T.);
#3875=EDGE_LOOP('',(#3861,#3863,#3865,#3867,#3868,#3870,#3872,#3874));
#3876=FACE_OUTER_BOUND('',#3875,.F.);
#3878=CARTESIAN_POINT('',(4.8E0,0.E0,0.E0));
#3879=DIRECTION('',(1.E0,0.E0,0.E0));
#3880=DIRECTION('',(0.E0,1.250672086918E-2,9.999217879080E-1));
#3881=AXIS2_PLACEMENT_3D('',#3878,#3879,#3880);
#3882=TOROIDAL_SURFACE('',#3881,9.5E-1,2.E-1);
#3884=ORIENTED_EDGE('',*,*,#3883,.T.);
#3886=ORIENTED_EDGE('',*,*,#3885,.T.);
#3887=ORIENTED_EDGE('',*,*,#3860,.F.);
#3889=ORIENTED_EDGE('',*,*,#3888,.F.);
#3890=EDGE_LOOP('',(#3884,#3886,#3887,#3889));
#3891=FACE_OUTER_BOUND('',#3890,.F.);
#3893=CARTESIAN_POINT('',(5.E0,0.E0,0.E0));
#3894=DIRECTION('',(1.E0,0.E0,0.E0));
#3895=DIRECTION('',(0.E0,1.E0,0.E0));
#3896=AXIS2_PLACEMENT_3D('',#3893,#3894,#3895);
#3897=PLANE('',#3896);
#3899=ORIENTED_EDGE('',*,*,#3898,.F.);
#3900=ORIENTED_EDGE('',*,*,#3883,.F.);
#3901=EDGE_LOOP('',(#3899,#3900));
#3902=FACE_OUTER_BOUND('',#3901,.F.);
#3904=CARTESIAN_POINT('',(4.8E0,0.E0,0.E0));
#3905=DIRECTION('',(1.E0,0.E0,0.E0));
#3906=DIRECTION('',(0.E0,-1.250672086918E-2,-9.999217879080E-1));
#3907=AXIS2_PLACEMENT_3D('',#3904,#3905,#3906);
#3908=TOROIDAL_SURFACE('',#3907,9.5E-1,2.E-1);
#3909=ORIENTED_EDGE('',*,*,#3898,.T.);
#3910=ORIENTED_EDGE('',*,*,#3888,.T.);
#3912=ORIENTED_EDGE('',*,*,#3911,.F.);
#3913=ORIENTED_EDGE('',*,*,#3885,.F.);
#3914=EDGE_LOOP('',(#3909,#3910,#3912,#3913));
#3915=FACE_OUTER_BOUND('',#3914,.F.);
#3917=CARTESIAN_POINT('',(3.8E0,0.E0,0.E0));
#3918=DIRECTION('',(1.E0,0.E0,0.E0));
#3919=DIRECTION('',(0.E0,-1.E0,0.E0));
#3920=AXIS2_PLACEMENT_3D('',#3917,#3918,#3919);
#3921=CYLINDRICAL_SURFACE('',#3920,1.15E0);
#3922=ORIENTED_EDGE('',*,*,#3911,.T.);
#3923=ORIENTED_EDGE('',*,*,#3873,.F.);
#3924=ORIENTED_EDGE('',*,*,#3871,.T.);
#3925=ORIENTED_EDGE('',*,*,#3869,.F.);
#3926=ORIENTED_EDGE('',*,*,#3850,.T.);
#3927=ORIENTED_EDGE('',*,*,#3866,.T.);
#3928=ORIENTED_EDGE('',*,*,#3864,.F.);
#3929=ORIENTED_EDGE('',*,*,#3862,.F.);
#3930=EDGE_LOOP('',(#3922,#3923,#3924,#3925,#3926,#3927,#3928,#3929));
#3931=FACE_OUTER_BOUND('',#3930,.F.);
#3933=CARTESIAN_POINT('',(2.9E0,-1.65E0,-1.65E0));
#3934=DIRECTION('',(1.E0,0.E0,0.E0));
#3935=DIRECTION('',(0.E0,-1.E0,0.E0));
#3936=AXIS2_PLACEMENT_3D('',#3933,#3934,#3935);
#3937=CYLINDRICAL_SURFACE('',#3936,3.5E-1);
#3939=ORIENTED_EDGE('',*,*,#3938,.F.);
#3941=ORIENTED_EDGE('',*,*,#3940,.T.);
#3942=ORIENTED_EDGE('',*,*,#3462,.F.);
#3944=ORIENTED_EDGE('',*,*,#3943,.F.);
#3945=EDGE_LOOP('',(#3939,#3941,#3942,#3944));
#3946=FACE_OUTER_BOUND('',#3945,.F.);
#3948=CARTESIAN_POINT('',(2.938778799050E0,-1.997547402262E0,
-1.610827352702E0));
#3949=CARTESIAN_POINT('',(3.095716278931E0,-2.004554249933E0,
-1.610037599216E0));
#3950=CARTESIAN_POINT('',(3.206799641786E0,-1.894169539989E0,
-1.622479243957E0));
#3951=CARTESIAN_POINT('',(3.199748012682E0,-1.738219540638E0,
-1.640056628455E0));
#3952=CARTESIAN_POINT('',(2.938778799050E0,-2.022591102182E0,
-1.833019965422E0));
#3953=CARTESIAN_POINT('',(3.095716278932E0,-2.030102851887E0,
-1.836709801714E0));
#3954=CARTESIAN_POINT('',(3.206799641786E0,-1.911763999476E0,
-1.778580735965E0));
#3955=CARTESIAN_POINT('',(3.199748012682E0,-1.744576497095E0,
-1.696456791712E0));
#3956=CARTESIAN_POINT('',(2.938778799051E0,-1.873599517111E0,
-1.999748042334E0));
#3957=CARTESIAN_POINT('',(3.095716278932E0,-1.878107471265E0,
-2.006799256757E0));
#3958=CARTESIAN_POINT('',(3.206799641786E0,-1.807089913144E0,
-1.895715600383E0));
#3959=CARTESIAN_POINT('',(3.199748012682E0,-1.706757284209E0,
-1.738778139134E0));
#3960=CARTESIAN_POINT('',(2.938778799051E0,-1.649999999999E0,
-1.999748042333E0));
#3961=CARTESIAN_POINT('',(3.095716278932E0,-1.649999999999E0,
-2.006799256756E0));
#3962=CARTESIAN_POINT('',(3.206799641786E0,-1.65E0,-1.895715600383E0));
#3963=CARTESIAN_POINT('',(3.199748012682E0,-1.65E0,-1.738778139134E0));
#3964=CARTESIAN_POINT('',(2.938778799051E0,-1.426400482887E0,
-1.999748042333E0));
#3965=CARTESIAN_POINT('',(3.095716278932E0,-1.421892528734E0,
-2.006799256756E0));
#3966=CARTESIAN_POINT('',(3.206799641786E0,-1.492910086855E0,
-1.895715600383E0));
#3967=CARTESIAN_POINT('',(3.199748012682E0,-1.593242715790E0,
-1.738778139134E0));
#3968=CARTESIAN_POINT('',(2.938778799051E0,-1.277408897817E0,
-1.833019965421E0));
#3969=CARTESIAN_POINT('',(3.095716278932E0,-1.269897148112E0,
-1.836709801713E0));
#3970=CARTESIAN_POINT('',(3.206799641786E0,-1.388236000523E0,
-1.778580735964E0));
#3971=CARTESIAN_POINT('',(3.199748012682E0,-1.555423502905E0,
-1.696456791712E0));
#3972=CARTESIAN_POINT('',(2.938778799051E0,-1.302452597737E0,
-1.610827352701E0));
#3973=CARTESIAN_POINT('',(3.095716278932E0,-1.295445750067E0,
-1.610037599215E0));
#3974=CARTESIAN_POINT('',(3.206799641786E0,-1.405830460011E0,
-1.622479243957E0));
#3975=CARTESIAN_POINT('',(3.199748012682E0,-1.561780459362E0,
-1.640056628455E0));
#3976=(BOUNDED_SURFACE()B_SPLINE_SURFACE(3,3,((#3948,#3949,#3950,#3951),(#3952,
#3953,#3954,#3955),(#3956,#3957,#3958,#3959),(#3960,#3961,#3962,#3963),(#3964,
#3965,#3966,#3967),(#3968,#3969,#3970,#3971),(#3972,#3973,#3974,#3975)),
.UNSPECIFIED.,.F.,.F.,.F.)B_SPLINE_SURFACE_WITH_KNOTS((4,3,4),(4,4),(0.E0,1.E0,
2.E0),(0.E0,1.E0),.UNSPECIFIED.)GEOMETRIC_REPRESENTATION_ITEM()RATIONAL_B_SPLINE_SURFACE(((1.433418718117E0,1.122514797475E0,1.122514797475E0,1.433418718117E0),(
1.114561719708E0,8.728168589259E-1,8.728168589259E-1,1.114561719708E0),(
1.114561719708E0,8.728168589259E-1,8.728168589259E-1,1.114561719708E0),(
1.433418718117E0,1.122514797475E0,1.122514797475E0,1.433418718117E0),(
1.114561719708E0,8.728168589259E-1,8.728168589259E-1,1.114561719708E0),(
1.114561719708E0,8.728168589259E-1,8.728168589259E-1,1.114561719708E0),(
1.433418718117E0,1.122514797475E0,1.122514797475E0,1.433418718117E0)))REPRESENTATION_ITEM('')SURFACE());
#3978=ORIENTED_EDGE('',*,*,#3977,.F.);
#3980=ORIENTED_EDGE('',*,*,#3979,.F.);
#3981=ORIENTED_EDGE('',*,*,#3938,.T.);
#3983=ORIENTED_EDGE('',*,*,#3982,.T.);
#3984=EDGE_LOOP('',(#3978,#3980,#3981,#3983));
#3985=FACE_OUTER_BOUND('',#3984,.F.);
#3987=CARTESIAN_POINT('',(3.2E0,0.E0,0.E0));
#3988=DIRECTION('',(1.E0,0.E0,0.E0));
#3989=DIRECTION('',(0.E0,-1.E0,0.E0));
#3990=AXIS2_PLACEMENT_3D('',#3987,#3988,#3989);
#3991=PLANE('',#3990);
#3992=ORIENTED_EDGE('',*,*,#3977,.T.);
#3994=ORIENTED_EDGE('',*,*,#3993,.T.);
#3995=EDGE_LOOP('',(#3992,#3994));
#3996=FACE_OUTER_BOUND('',#3995,.F.);
#3998=CARTESIAN_POINT('',(2.938778799050E0,-1.302452597738E0,
-1.689172647298E0));
#3999=CARTESIAN_POINT('',(3.095716278931E0,-1.295445750067E0,
-1.689962400784E0));
#4000=CARTESIAN_POINT('',(3.206799641786E0,-1.405830460011E0,
-1.677520756043E0));
#4001=CARTESIAN_POINT('',(3.199748012682E0,-1.561780459362E0,
-1.659943371545E0));
#4002=CARTESIAN_POINT('',(2.938778799050E0,-1.277408897818E0,
-1.466980034578E0));
#4003=CARTESIAN_POINT('',(3.095716278932E0,-1.269897148113E0,
-1.463290198286E0));
#4004=CARTESIAN_POINT('',(3.206799641786E0,-1.388236000524E0,
-1.521419264035E0));
#4005=CARTESIAN_POINT('',(3.199748012682E0,-1.555423502905E0,
-1.603543208288E0));
#4006=CARTESIAN_POINT('',(2.938778799051E0,-1.426400482889E0,
-1.300251957666E0));
#4007=CARTESIAN_POINT('',(3.095716278932E0,-1.421892528735E0,
-1.293200743243E0));
#4008=CARTESIAN_POINT('',(3.206799641786E0,-1.492910086856E0,
-1.404284399617E0));
#4009=CARTESIAN_POINT('',(3.199748012682E0,-1.593242715791E0,
-1.561221860866E0));
#4010=CARTESIAN_POINT('',(2.938778799051E0,-1.650000000001E0,
-1.300251957667E0));
#4011=CARTESIAN_POINT('',(3.095716278932E0,-1.650000000001E0,
-1.293200743244E0));
#4012=CARTESIAN_POINT('',(3.206799641786E0,-1.65E0,-1.404284399617E0));
#4013=CARTESIAN_POINT('',(3.199748012682E0,-1.65E0,-1.561221860866E0));
#4014=CARTESIAN_POINT('',(2.938778799051E0,-1.873599517113E0,
-1.300251957667E0));
#4015=CARTESIAN_POINT('',(3.095716278932E0,-1.878107471266E0,
-1.293200743244E0));
#4016=CARTESIAN_POINT('',(3.206799641786E0,-1.807089913145E0,
-1.404284399617E0));
#4017=CARTESIAN_POINT('',(3.199748012682E0,-1.706757284210E0,
-1.561221860866E0));
#4018=CARTESIAN_POINT('',(2.938778799051E0,-2.022591102183E0,
-1.466980034579E0));
#4019=CARTESIAN_POINT('',(3.095716278932E0,-2.030102851888E0,
-1.463290198287E0));
#4020=CARTESIAN_POINT('',(3.206799641786E0,-1.911763999477E0,
-1.521419264036E0));
#4021=CARTESIAN_POINT('',(3.199748012682E0,-1.744576497095E0,
-1.603543208288E0));
#4022=CARTESIAN_POINT('',(2.938778799051E0,-1.997547402263E0,
-1.689172647299E0));
#4023=CARTESIAN_POINT('',(3.095716278932E0,-2.004554249933E0,
-1.689962400785E0));
#4024=CARTESIAN_POINT('',(3.206799641786E0,-1.894169539989E0,
-1.677520756043E0));
#4025=CARTESIAN_POINT('',(3.199748012682E0,-1.738219540638E0,
-1.659943371545E0));
#4026=(BOUNDED_SURFACE()B_SPLINE_SURFACE(3,3,((#3998,#3999,#4000,#4001),(#4002,
#4003,#4004,#4005),(#4006,#4007,#4008,#4009),(#4010,#4011,#4012,#4013),(#4014,
#4015,#4016,#4017),(#4018,#4019,#4020,#4021),(#4022,#4023,#4024,#4025)),
.UNSPECIFIED.,.F.,.F.,.F.)B_SPLINE_SURFACE_WITH_KNOTS((4,3,4),(4,4),(0.E0,1.E0,
2.E0),(0.E0,1.E0),.UNSPECIFIED.)GEOMETRIC_REPRESENTATION_ITEM()RATIONAL_B_SPLINE_SURFACE(((1.433418718117E0,1.122514797475E0,1.122514797475E0,1.433418718117E0),(
1.114561719708E0,8.728168589259E-1,8.728168589259E-1,1.114561719708E0),(
1.114561719708E0,8.728168589259E-1,8.728168589259E-1,1.114561719708E0),(
1.433418718117E0,1.122514797475E0,1.122514797475E0,1.433418718117E0),(
1.114561719708E0,8.728168589259E-1,8.728168589259E-1,1.114561719708E0),(
1.114561719708E0,8.728168589259E-1,8.728168589259E-1,1.114561719708E0),(
1.433418718117E0,1.122514797475E0,1.122514797475E0,1.433418718117E0)))REPRESENTATION_ITEM('')SURFACE());
#4027=ORIENTED_EDGE('',*,*,#3993,.F.);
#4028=ORIENTED_EDGE('',*,*,#3982,.F.);
#4030=ORIENTED_EDGE('',*,*,#4029,.T.);
#4031=ORIENTED_EDGE('',*,*,#3979,.T.);
#4032=EDGE_LOOP('',(#4027,#4028,#4030,#4031));
#4033=FACE_OUTER_BOUND('',#4032,.F.);
#4035=CARTESIAN_POINT('',(2.9E0,-1.65E0,-1.65E0));
#4036=DIRECTION('',(1.E0,0.E0,0.E0));
#4037=DIRECTION('',(0.E0,-1.E0,0.E0));
#4038=AXIS2_PLACEMENT_3D('',#4035,#4036,#4037);
#4039=CYLINDRICAL_SURFACE('',#4038,3.5E-1);
#4040=ORIENTED_EDGE('',*,*,#4029,.F.);
#4041=ORIENTED_EDGE('',*,*,#3943,.T.);
#4042=ORIENTED_EDGE('',*,*,#3464,.F.);
#4043=ORIENTED_EDGE('',*,*,#3940,.F.);
#4044=EDGE_LOOP('',(#4040,#4041,#4042,#4043));
#4045=FACE_OUTER_BOUND('',#4044,.F.);
#4047=CLOSED_SHELL('',(#1884,#1899,#1932,#1953,#1967,#1981,#2021,#2035,#2057,
#2071,#2113,#2126,#2141,#2155,#2180,#2194,#2208,#2220,#2234,#2248,#2260,#2272,
#2287,#2313,#2327,#2341,#2355,#2369,#2383,#2397,#2411,#2424,#2442,#2457,#2483,
#2497,#2522,#2535,#2548,#2561,#2574,#2587,#2600,#2612,#2627,#2653,#2667,#2692,
#2705,#2718,#2731,#2744,#2757,#2770,#2782,#2797,#2823,#2838,#2852,#2866,#2880,
#2894,#2908,#2921,#2940,#2952,#2967,#2981,#2995,#3008,#3070,#3085,#3099,#3113,
#3127,#3141,#3155,#3169,#3183,#3197,#3211,#3225,#3239,#3253,#3267,#3281,#3295,
#3309,#3323,#3337,#3351,#3365,#3379,#3393,#3406,#3468,#3483,#3522,#3533,#3570,
#3582,#3597,#3636,#3647,#3684,#3696,#3711,#3750,#3761,#3798,#3810,#3825,#3838,
#3854,#3877,#3892,#3903,#3916,#3932,#3947,#3986,#3997,#4034,#4046));
#4048=MANIFOLD_SOLID_BREP('',#4047);
#4049=CARTESIAN_POINT('',(0.E0,0.E0,0.E0));
#4050=DIRECTION('',(0.E0,0.E0,1.E0));
#4051=DIRECTION('',(1.E0,0.E0,0.E0));
#4052=AXIS2_PLACEMENT_3D('PTS647SX38SMTR2_LFS_B',#4049,#4050,#4051);
#4053=DRAUGHTING_PRE_DEFINED_CURVE_FONT('continuous');
#4054=CURVE_STYLE('',#4053,POSITIVE_LENGTH_MEASURE(2.E-2),#19);
#4055=PRESENTATION_STYLE_ASSIGNMENT((#4054));
#4056=STYLED_ITEM('',(#4055),#4052);
#4057=CARTESIAN_POINT('',(0.E0,0.E0,0.E0));
#4058=DIRECTION('',(0.E0,1.E0,0.E0));
#4059=DIRECTION('',(1.E0,0.E0,0.E0));
#4060=AXIS2_PLACEMENT_3D('0',#4057,#4058,#4059);
#4061=CURVE_STYLE('',#4053,POSITIVE_LENGTH_MEASURE(2.E-2),#19);
#4062=PRESENTATION_STYLE_ASSIGNMENT((#4061));
#4063=STYLED_ITEM('',(#4062),#4060);
#4064=DIRECTION('',(0.E0,-1.E0,0.E0));
#4065=VECTOR('',#4064,6.5E0);
#4066=CARTESIAN_POINT('',(0.E0,3.25E0,0.E0));
#4067=LINE('',#4066,#4065);
#4069=CURVE_STYLE('',#4053,POSITIVE_LENGTH_MEASURE(2.E-2),#37);
#4070=PRESENTATION_STYLE_ASSIGNMENT((#4069));
#4071=STYLED_ITEM('',(#4070),#4068);
#4072=DIRECTION('',(1.E0,0.E0,0.E0));
#4073=VECTOR('',#4072,3.8E0);
#4074=CARTESIAN_POINT('',(0.E0,0.E0,0.E0));
#4075=LINE('',#4074,#4073);
#4077=CURVE_STYLE('',#4053,POSITIVE_LENGTH_MEASURE(2.E-2),#37);
#4078=PRESENTATION_STYLE_ASSIGNMENT((#4077));
#4079=STYLED_ITEM('',(#4078),#4076);
#4080=DIRECTION('',(0.E0,0.E0,1.E0));
#4081=VECTOR('',#4080,4.5E0);
#4082=CARTESIAN_POINT('',(0.E0,0.E0,-2.25E0));
#4083=LINE('',#4082,#4081);
#4085=CURVE_STYLE('',#4053,POSITIVE_LENGTH_MEASURE(2.E-2),#37);
#4086=PRESENTATION_STYLE_ASSIGNMENT((#4085));
#4087=STYLED_ITEM('',(#4086),#4084);
#4088=DIRECTION('',(1.E0,0.E0,0.E0));
#4089=VECTOR('',#4088,5.E-2);
#4090=CARTESIAN_POINT('',(2.9E0,-1.65E0,-1.65E0));
#4091=LINE('',#4090,#4089);
#4093=CURVE_STYLE('',#4053,POSITIVE_LENGTH_MEASURE(2.E-2),#37);
#4094=PRESENTATION_STYLE_ASSIGNMENT((#4093));
#4095=STYLED_ITEM('',(#4094),#4092);
#4096=DIRECTION('',(1.E0,0.E0,0.E0));
#4097=VECTOR('',#4096,5.E-2);
#4098=CARTESIAN_POINT('',(2.9E0,1.65E0,-1.65E0));
#4099=LINE('',#4098,#4097);
#4101=CURVE_STYLE('',#4053,POSITIVE_LENGTH_MEASURE(2.E-2),#37);
#4102=PRESENTATION_STYLE_ASSIGNMENT((#4101));
#4103=STYLED_ITEM('',(#4102),#4100);
#4104=DIRECTION('',(1.E0,0.E0,0.E0));
#4105=VECTOR('',#4104,5.E-2);
#4106=CARTESIAN_POINT('',(2.9E0,1.65E0,1.65E0));
#4107=LINE('',#4106,#4105);
#4109=CURVE_STYLE('',#4053,POSITIVE_LENGTH_MEASURE(2.E-2),#37);
#4110=PRESENTATION_STYLE_ASSIGNMENT((#4109));
#4111=STYLED_ITEM('',(#4110),#4108);
#4112=DIRECTION('',(1.E0,0.E0,0.E0));
#4113=VECTOR('',#4112,5.E-2);
#4114=CARTESIAN_POINT('',(2.9E0,-1.65E0,1.65E0));
#4115=LINE('',#4114,#4113);
#4117=CURVE_STYLE('',#4053,POSITIVE_LENGTH_MEASURE(2.E-2),#37);
#4118=PRESENTATION_STYLE_ASSIGNMENT((#4117));
#4119=STYLED_ITEM('',(#4118),#4116);
#4120=CARTESIAN_POINT('',(0.E0,0.E0,0.E0));
#4121=DIRECTION('',(1.E0,0.E0,0.E0));
#4122=DIRECTION('',(0.E0,1.E0,0.E0));
#4123=AXIS2_PLACEMENT_3D('',#4120,#4121,#4122);
#4124=PLANE('',#4123);
#4125=CARTESIAN_POINT('',(0.E0,0.E0,0.E0));
#4126=DIRECTION('',(0.E0,1.E0,0.E0));
#4127=DIRECTION('',(0.E0,0.E0,1.E0));
#4128=AXIS2_PLACEMENT_3D('',#4125,#4126,#4127);
#4129=PLANE('',#4128);
#4130=CARTESIAN_POINT('',(0.E0,0.E0,0.E0));
#4131=DIRECTION('',(0.E0,0.E0,1.E0));
#4132=DIRECTION('',(1.E0,0.E0,0.E0));
#4133=AXIS2_PLACEMENT_3D('',#4130,#4131,#4132);
#4134=PLANE('',#4133);
#4135=CARTESIAN_POINT('',(3.8E0,0.E0,0.E0));
#4136=DIRECTION('',(1.E0,0.E0,0.E0));
#4137=DIRECTION('',(0.E0,1.E0,0.E0));
#4138=AXIS2_PLACEMENT_3D('',#4135,#4136,#4137);
#4139=PLANE('',#4138);
#4140=PRESENTATION_LAYER_ASSIGNMENT('PLANS','',(#4124,#4129,#4134));
#4141=PRESENTATION_LAYER_ASSIGNMENT('REPERES','',(#4060));
#4142=PRESENTATION_LAYER_ASSIGNMENT('AXES','',(#4068,#4076,#4084));
#4143=PRESENTATION_LAYER_ASSIGNMENT('_BLACK_HOLE','',(#4139));
#4144=INVISIBILITY((#4143));
#4147=PLANE_ANGLE_MEASURE_WITH_UNIT(PLANE_ANGLE_MEASURE(1.745329251994E-2),
#4146);
#4148=(CONVERSION_BASED_UNIT('DEGREE',#4147)NAMED_UNIT(*)PLANE_ANGLE_UNIT());
#4150=UNCERTAINTY_MEASURE_WITH_UNIT(LENGTH_MEASURE(9.353769301196E-4),#4145,
'distance_accuracy_value',
'Maximum model space distance between geometric entities at asserted connectivities');
#4154=CARTESIAN_POINT('',(0.E0,0.E0,0.E0));
#4155=DIRECTION('',(0.E0,0.E0,1.E0));
#4156=DIRECTION('',(1.E0,0.E0,0.E0));
#4159=SHAPE_REPRESENTATION_RELATIONSHIP('','',#4158,#4152);
#4160=CONSTRUCTIVE_GEOMETRY_REPRESENTATION_RELATIONSHIP('','',#4158,#4153);
#4161=MECHANICAL_DESIGN_GEOMETRIC_PRESENTATION_REPRESENTATION('',(#4056,#4063,
#4071,#4079,#4087,#4095,#4103,#4111,#4119),#4151);
#4162=APPLICATION_CONTEXT('automotive_design');
#4163=APPLICATION_PROTOCOL_DEFINITION('international standard',
'automotive_design',2001,#4162);
#4164=PRODUCT_DEFINITION_CONTEXT('part definition',#4162,'design');
#4165=PRODUCT_CONTEXT('',#4162,'mechanical');
#4166=PRODUCT('PTS647SX38SMTR2_LFS_B','PTS647SX38SMTR2_LFS_B','NOT SPECIFIED',(
#4165));
#4167=PRODUCT_DEFINITION_FORMATION('1','LAST_VERSION',#4166);
#4175=DERIVED_UNIT_ELEMENT(#4174,2.E0);
#4176=DERIVED_UNIT((#4175));
#4177=MEASURE_REPRESENTATION_ITEM('surface area measure',AREA_MEASURE(
1.307793839453E2),#4176);
#4182=DERIVED_UNIT_ELEMENT(#4181,3.E0);
#4183=DERIVED_UNIT((#4182));
#4184=MEASURE_REPRESENTATION_ITEM('volume measure',VOLUME_MEASURE(
6.335340735009E1),#4183);
#4188=CARTESIAN_POINT('centre point',(1.865636676541E0,-1.333045698269E-6,
5.119557249501E-8));
#4193=DERIVED_UNIT_ELEMENT(#4192,2.E0);
#4194=DERIVED_UNIT((#4193));
#4195=MEASURE_REPRESENTATION_ITEM('surface area measure',AREA_MEASURE(
1.307793839453E2),#4194);
#4200=DERIVED_UNIT_ELEMENT(#4199,3.E0);
#4201=DERIVED_UNIT((#4200));
#4202=MEASURE_REPRESENTATION_ITEM('volume measure',VOLUME_MEASURE(
6.335340735009E1),#4201);
#4206=CARTESIAN_POINT('centre point',(1.865636676541E0,-1.333045698269E-6,
5.119557249501E-8));
#4211=PRODUCT_RELATED_PRODUCT_CATEGORY('part','',(#4166));
#4212=(GEOMETRIC_REPRESENTATION_CONTEXT(2)PARAMETRIC_REPRESENTATION_CONTEXT()REPRESENTATION_CONTEXT('2D coordinate system context','2'));
#4213=DRAUGHTING_MODEL('Default',(#4225,#4226,#4242),#4212);
#4214=PRESENTATION_VIEW('Default',(#4233,#4246),#4212);
#4215=CARTESIAN_POINT('',(0.E0,0.E0,0.E0));
#4216=CARTESIAN_POINT('',(-4.824065754123E0,-6.013168514266E0,
3.113071666346E1));
#4217=DIRECTION('',(0.E0,0.E0,1.E0));
#4218=DIRECTION('',(1.E0,0.E0,0.E0));
#4219=AXIS2_PLACEMENT_3D('',#4216,#4217,#4218);
#4221=VIEW_VOLUME(.PARALLEL.,#4215,3.113071666346E1,3.113071666346E1,.T.,0.E0,
.F.,.T.,#4220);
#4222=CARTESIAN_POINT('',(4.658676811268E0,1.247768501877E1,1.604283989937E1));
#4223=DIRECTION('',(3.894183423087E-1,7.214918620107E-1,5.725406952575E-1));
#4224=DIRECTION('',(9.210609940029E-1,-3.050418666329E-1,-2.420663234065E-1));
#4225=AXIS2_PLACEMENT_3D('',#4222,#4223,#4224);
#4226=CAMERA_MODEL_D3_WITH_HLHSR('DEFAULT',#4225,#4221,.F.);
#4228=CARTESIAN_POINT('',(-4.230616386336E2,-5.2734375E2,2.730106237094E3));
#4229=DIRECTION('',(0.E0,0.E0,1.E0));
#4230=DIRECTION('',(1.E0,0.E0,0.E0));
#4231=AXIS2_PLACEMENT_3D('',#4228,#4229,#4230);
#4233=(CAMERA_IMAGE()CAMERA_IMAGE_3D_WITH_SCALE()GEOMETRIC_REPRESENTATION_ITEM()MAPPED_ITEM(#4227,#4232)REPRESENTATION_ITEM(''));
#4234=CARTESIAN_POINT('',(-4.824065754123E0,-6.013168514266E0,
3.113071666346E1));
#4235=DIRECTION('',(0.E0,0.E0,1.E0));
#4236=DIRECTION('',(1.E0,0.E0,0.E0));
#4237=AXIS2_PLACEMENT_3D('',#4234,#4235,#4236);
#4238=REPRESENTATION_MAP(#4237,#4158);
#4239=CARTESIAN_POINT('',(0.E0,0.E0));
#4240=DIRECTION('',(1.E0,0.E0));
#4241=AXIS2_PLACEMENT_2D('',#4239,#4240);
#4242=MAPPED_ITEM('',#4238,#4241);
#4243=CARTESIAN_POINT('',(-4.824065754123E0,-6.013168514266E0,
3.113071666346E1));
#4244=DIRECTION('',(0.E0,0.E0,1.E0));
#4245=DIRECTION('',(1.E0,0.E0,0.E0));
#4246=AXIS2_PLACEMENT_3D('',#4243,#4244,#4245);
#4247=REPRESENTATION_MAP(#4246,#4214);
#4248=CARTESIAN_POINT('',(0.E0,0.E0));
#4249=DIRECTION('',(1.E0,0.E0));
#4250=AXIS2_PLACEMENT_2D('',#4248,#4249);
#4251=MAPPED_ITEM('',#4247,#4250);
#4253=CARTESIAN_POINT('',(0.E0,0.E0));
#4254=DIRECTION('',(1.E0,0.E0));
#4255=AXIS2_PLACEMENT_2D('',#4253,#4254);
#4256=PLANAR_BOX('',1.25E3,1.0546875E3,#4255);
#4257=PRESENTATION_SIZE(#4252,#4256);
#4258=PRESENTATION_SET();
#4259=AREA_IN_SET(#4252,#4258);
#4261=GENERAL_PROPERTY('','PTC_VAL_IMP_PART_STATUS','user defined attribute');
#4262=GENERAL_PROPERTY_ASSOCIATION('user defined attribute','',#4261,#4260);
#4263=DESCRIPTIVE_REPRESENTATION_ITEM('PTC_VAL_IMP_PART_STATUS','OK');
#4267=GENERAL_PROPERTY('','ANALYSE','user defined attribute');
#4268=GENERAL_PROPERTY_ASSOCIATION('user defined attribute','',#4267,#4266);
#4269=DESCRIPTIVE_REPRESENTATION_ITEM('ANALYSE','N');
#4273=GENERAL_PROPERTY('','APNOM','user defined attribute');
#4274=GENERAL_PROPERTY_ASSOCIATION('user defined attribute','',#4273,#4272);
#4275=DESCRIPTIVE_REPRESENTATION_ITEM('APNOM',' ');
#4279=GENERAL_PROPERTY('','CHEF_PROJET','user defined attribute');
#4280=GENERAL_PROPERTY_ASSOCIATION('user defined attribute','',#4279,#4278);
#4281=DESCRIPTIVE_REPRESENTATION_ITEM('CHEF_PROJET','.');
#4285=GENERAL_PROPERTY('','CLIENT','user defined attribute');
#4286=GENERAL_PROPERTY_ASSOCIATION('user defined attribute','',#4285,#4284);
#4287=DESCRIPTIVE_REPRESENTATION_ITEM('CLIENT','.');
#4291=GENERAL_PROPERTY('','COMMERCIAL','user defined attribute');
#4292=GENERAL_PROPERTY_ASSOCIATION('user defined attribute','',#4291,#4290);
#4293=DESCRIPTIVE_REPRESENTATION_ITEM('COMMERCIAL','.');
#4297=GENERAL_PROPERTY('','DATE','user defined attribute');
#4298=GENERAL_PROPERTY_ASSOCIATION('user defined attribute','',#4297,#4296);
#4299=DESCRIPTIVE_REPRESENTATION_ITEM('DATE','.');
#4303=GENERAL_PROPERTY('','DATEAP','user defined attribute');
#4304=GENERAL_PROPERTY_ASSOCIATION('user defined attribute','',#4303,#4302);
#4305=DESCRIPTIVE_REPRESENTATION_ITEM('DATEAP',' ');
#4309=GENERAL_PROPERTY('','DATEDP','user defined attribute');
#4310=GENERAL_PROPERTY_ASSOCIATION('user defined attribute','',#4309,#4308);
#4311=DESCRIPTIVE_REPRESENTATION_ITEM('DATEDP','.');
#4315=GENERAL_PROPERTY('','DATEVP','user defined attribute');
#4316=GENERAL_PROPERTY_ASSOCIATION('user defined attribute','',#4315,#4314);
#4317=DESCRIPTIVE_REPRESENTATION_ITEM('DATEVP',' ');
#4321=GENERAL_PROPERTY('','TYPE_DEBIT','user defined attribute');
#4322=GENERAL_PROPERTY_ASSOCIATION('user defined attribute','',#4321,#4320);
#4323=DESCRIPTIVE_REPRESENTATION_ITEM('TYPE_DEBIT','AUTO');
#4327=GENERAL_PROPERTY('','DEBIT','user defined attribute');
#4328=GENERAL_PROPERTY_ASSOCIATION('user defined attribute','',#4327,#4326);
#4329=DESCRIPTIVE_REPRESENTATION_ITEM('DEBIT','.');
#4333=GENERAL_PROPERTY('','DES_POSTE','user defined attribute');
#4334=GENERAL_PROPERTY_ASSOCIATION('user defined attribute','',#4333,#4332);
#4335=DESCRIPTIVE_REPRESENTATION_ITEM('DES_POSTE','.');
#4339=GENERAL_PROPERTY('','DESIGNATION','user defined attribute');
#4340=GENERAL_PROPERTY_ASSOCIATION('user defined attribute','',#4339,#4338);
#4341=DESCRIPTIVE_REPRESENTATION_ITEM('DESIGNATION','.');
#4345=GENERAL_PROPERTY('','DESIGNATION_OUTIL','user defined attribute');
#4346=GENERAL_PROPERTY_ASSOCIATION('user defined attribute','',#4345,#4344);
#4347=DESCRIPTIVE_REPRESENTATION_ITEM('DESIGNATION_OUTIL','.');
#4351=GENERAL_PROPERTY('','DIAMETRE','user defined attribute');
#4352=GENERAL_PROPERTY_ASSOCIATION('user defined attribute','',#4351,#4350);
#4353=DESCRIPTIVE_REPRESENTATION_ITEM('DIAMETRE','.');
#4357=GENERAL_PROPERTY('','DIM1','user defined attribute');
#4358=GENERAL_PROPERTY_ASSOCIATION('user defined attribute','',#4357,#4356);
#4359=DESCRIPTIVE_REPRESENTATION_ITEM('DIM1','6.50');
#4363=GENERAL_PROPERTY('','DIM2','user defined attribute');
#4364=GENERAL_PROPERTY_ASSOCIATION('user defined attribute','',#4363,#4362);
#4365=DESCRIPTIVE_REPRESENTATION_ITEM('DIM2','4.50');
#4369=GENERAL_PROPERTY('','DIM3','user defined attribute');
#4370=GENERAL_PROPERTY_ASSOCIATION('user defined attribute','',#4369,#4368);
#4371=DESCRIPTIVE_REPRESENTATION_ITEM('DIM3','3.80');
#4375=GENERAL_PROPERTY('','DPNOM','user defined attribute');
#4376=GENERAL_PROPERTY_ASSOCIATION('user defined attribute','',#4375,#4374);
#4377=DESCRIPTIVE_REPRESENTATION_ITEM('DPNOM','.');
#4381=GENERAL_PROPERTY('','ESURF','user defined attribute');
#4382=GENERAL_PROPERTY_ASSOCIATION('user defined attribute','',#4381,#4380);
#4383=DESCRIPTIVE_REPRESENTATION_ITEM('ESURF','.');
#4387=GENERAL_PROPERTY('','FOURNISSEUR','user defined attribute');
#4388=GENERAL_PROPERTY_ASSOCIATION('user defined attribute','',#4387,#4386);
#4389=DESCRIPTIVE_REPRESENTATION_ITEM('FOURNISSEUR','.');
#4393=GENERAL_PROPERTY('','JEUDECOUPE','user defined attribute');
#4394=GENERAL_PROPERTY_ASSOCIATION('user defined attribute','',#4393,#4392);
#4395=DESCRIPTIVE_REPRESENTATION_ITEM('JEUDECOUPE','.');
#4399=GENERAL_PROPERTY('','LONGUEUR','user defined attribute');
#4400=GENERAL_PROPERTY_ASSOCIATION('user defined attribute','',#4399,#4398);
#4401=DESCRIPTIVE_REPRESENTATION_ITEM('LONGUEUR','.');
#4405=GENERAL_PROPERTY('','MATIERE','user defined attribute');
#4406=GENERAL_PROPERTY_ASSOCIATION('user defined attribute','',#4405,#4404);
#4407=DESCRIPTIVE_REPRESENTATION_ITEM('MATIERE','.');
#4411=GENERAL_PROPERTY('','MATPIECE','user defined attribute');
#4412=GENERAL_PROPERTY_ASSOCIATION('user defined attribute','',#4411,#4410);
#4413=DESCRIPTIVE_REPRESENTATION_ITEM('MATPIECE','.');
#4417=GENERAL_PROPERTY('','MECA','user defined attribute');
#4418=GENERAL_PROPERTY_ASSOCIATION('user defined attribute','',#4417,#4416);
#4419=DESCRIPTIVE_REPRESENTATION_ITEM('MECA','.');
#4423=GENERAL_PROPERTY('','NOMPIECE','user defined attribute');
#4424=GENERAL_PROPERTY_ASSOCIATION('user defined attribute','',#4423,#4422);
#4425=DESCRIPTIVE_REPRESENTATION_ITEM('NOMPIECE','.');
#4429=GENERAL_PROPERTY('','NUMERO','user defined attribute');
#4430=GENERAL_PROPERTY_ASSOCIATION('user defined attribute','',#4429,#4428);
#4431=DESCRIPTIVE_REPRESENTATION_ITEM('NUMERO','.');
#4435=GENERAL_PROPERTY('','NUMERO_OUTIL','user defined attribute');
#4436=GENERAL_PROPERTY_ASSOCIATION('user defined attribute','',#4435,#4434);
#4437=DESCRIPTIVE_REPRESENTATION_ITEM('NUMERO_OUTIL','.');
#4441=GENERAL_PROPERTY('','NUMPIECE','user defined attribute');
#4442=GENERAL_PROPERTY_ASSOCIATION('user defined attribute','',#4441,#4440);
#4443=DESCRIPTIVE_REPRESENTATION_ITEM('NUMPIECE','.');
#4447=GENERAL_PROPERTY('','PLCUST','user defined attribute');
#4448=GENERAL_PROPERTY_ASSOCIATION('user defined attribute','',#4447,#4446);
#4449=DESCRIPTIVE_REPRESENTATION_ITEM('PLCUST','.');
#4453=GENERAL_PROPERTY('','POSITION_NOMENCL','user defined attribute');
#4454=GENERAL_PROPERTY_ASSOCIATION('user defined attribute','',#4453,#4452);
#4455=VALUE_REPRESENTATION_ITEM('POSITION_NOMENCL',COUNT_MEASURE(0));
#4458=DESCRIPTIVE_REPRESENTATION_ITEM('attribute description','Integer');
#4463=GENERAL_PROPERTY('','PRESSE','user defined attribute');
#4464=GENERAL_PROPERTY_ASSOCIATION('user defined attribute','',#4463,#4462);
#4465=DESCRIPTIVE_REPRESENTATION_ITEM('PRESSE','.');
#4469=GENERAL_PROPERTY('','PROJET','user defined attribute');
#4470=GENERAL_PROPERTY_ASSOCIATION('user defined attribute','',#4469,#4468);
#4471=DESCRIPTIVE_REPRESENTATION_ITEM('PROJET','.');
#4475=GENERAL_PROPERTY('','PROTECTION','user defined attribute');
#4476=GENERAL_PROPERTY_ASSOCIATION('user defined attribute','',#4475,#4474);
#4477=DESCRIPTIVE_REPRESENTATION_ITEM('PROTECTION','.');
#4481=GENERAL_PROPERTY('','QUANTITE','user defined attribute');
#4482=GENERAL_PROPERTY_ASSOCIATION('user defined attribute','',#4481,#4480);
#4483=DESCRIPTIVE_REPRESENTATION_ITEM('QUANTITE','.');
#4487=GENERAL_PROPERTY('','REPERE','user defined attribute');
#4488=GENERAL_PROPERTY_ASSOCIATION('user defined attribute','',#4487,#4486);
#4489=DESCRIPTIVE_REPRESENTATION_ITEM('REPERE','.');
#4493=GENERAL_PROPERTY('','RETRAIT','user defined attribute');
#4494=GENERAL_PROPERTY_ASSOCIATION('user defined attribute','',#4493,#4492);
#4495=DESCRIPTIVE_REPRESENTATION_ITEM('RETRAIT','.');
#4499=GENERAL_PROPERTY('','REVPIECE','user defined attribute');
#4500=GENERAL_PROPERTY_ASSOCIATION('user defined attribute','',#4499,#4498);
#4501=DESCRIPTIVE_REPRESENTATION_ITEM('REVPIECE','.');
#4505=GENERAL_PROPERTY('','REVREMP','user defined attribute');
#4506=GENERAL_PROPERTY_ASSOCIATION('user defined attribute','',#4505,#4504);
#4507=DESCRIPTIVE_REPRESENTATION_ITEM('REVREMP','.');
#4511=GENERAL_PROPERTY('','TBF','user defined attribute');
#4512=GENERAL_PROPERTY_ASSOCIATION('user defined attribute','',#4511,#4510);
#4513=DESCRIPTIVE_REPRESENTATION_ITEM('TBF','N');
#4517=GENERAL_PROPERTY('','TOLANG','user defined attribute');
#4518=GENERAL_PROPERTY_ASSOCIATION('user defined attribute','',#4517,#4516);
#4519=DESCRIPTIVE_REPRESENTATION_ITEM('TOLANG','1');
#4523=GENERAL_PROPERTY('','TOLLIN','user defined attribute');
#4524=GENERAL_PROPERTY_ASSOCIATION('user defined attribute','',#4523,#4522);
#4525=DESCRIPTIVE_REPRESENTATION_ITEM('TOLLIN','0,15');
#4529=GENERAL_PROPERTY('','TRAITEMENT','user defined attribute');
#4530=GENERAL_PROPERTY_ASSOCIATION('user defined attribute','',#4529,#4528);
#4531=DESCRIPTIVE_REPRESENTATION_ITEM('TRAITEMENT','.');
#4535=GENERAL_PROPERTY('','VPNOM','user defined attribute');
#4536=GENERAL_PROPERTY_ASSOCIATION('user defined attribute','',#4535,#4534);
#4537=DESCRIPTIVE_REPRESENTATION_ITEM('VPNOM',' ');
#4541=GENERAL_PROPERTY('','INDICE','user defined attribute');
#4542=GENERAL_PROPERTY_ASSOCIATION('user defined attribute','',#4541,#4540);
#4543=DESCRIPTIVE_REPRESENTATION_ITEM('INDICE','.');
#4547=GENERAL_PROPERTY('','PHASE','user defined attribute');
#4548=GENERAL_PROPERTY_ASSOCIATION('user defined attribute','',#4547,#4546);
#4549=DESCRIPTIVE_REPRESENTATION_ITEM('PHASE','rd');
#4553=GENERAL_PROPERTY('','FOLDER','user defined attribute');
#4554=GENERAL_PROPERTY_ASSOCIATION('user defined attribute','',#4553,#4552);
#4555=DESCRIPTIVE_REPRESENTATION_ITEM('FOLDER','pts/standard/pts647');
#4559=GENERAL_PROPERTY('','REVISION','user defined attribute');
#4560=GENERAL_PROPERTY_ASSOCIATION('user defined attribute','',#4559,#4558);
#4561=DESCRIPTIVE_REPRESENTATION_ITEM('REVISION','.');
#4565=GENERAL_PROPERTY('','MATERIAL','user defined attribute');
#4566=GENERAL_PROPERTY_ASSOCIATION('user defined attribute','',#4565,#4564);
#4567=DESCRIPTIVE_REPRESENTATION_ITEM('MATERIAL','.');
#4571=GENERAL_PROPERTY('','DENSITY','user defined attribute');
#4572=GENERAL_PROPERTY_ASSOCIATION('user defined attribute','',#4571,#4570);
#4573=DESCRIPTIVE_REPRESENTATION_ITEM('DENSITY','.');
#4577=GENERAL_PROPERTY('','MASS','user defined attribute');
#4578=GENERAL_PROPERTY_ASSOCIATION('user defined attribute','',#4577,#4576);
#4579=DESCRIPTIVE_REPRESENTATION_ITEM('MASS','.');
#4583=GENERAL_PROPERTY('','VOLUME','user defined attribute');
#4584=GENERAL_PROPERTY_ASSOCIATION('user defined attribute','',#4583,#4582);
#4585=DESCRIPTIVE_REPRESENTATION_ITEM('VOLUME','.');
#4589=GENERAL_PROPERTY('','FILE_TYPE','user defined attribute');
#4590=GENERAL_PROPERTY_ASSOCIATION('user defined attribute','',#4589,#4588);
#4591=DESCRIPTIVE_REPRESENTATION_ITEM('FILE_TYPE','.');
#4595=GENERAL_PROPERTY('','FOLDER_M','user defined attribute');
#4596=GENERAL_PROPERTY_ASSOCIATION('user defined attribute','',#4595,#4594);
#4597=DESCRIPTIVE_REPRESENTATION_ITEM('FOLDER_M',
'Dossier racine/dole_south_rd');
#4601=GENERAL_PROPERTY('','NUMERO_AUTO','user defined attribute');
#4602=GENERAL_PROPERTY_ASSOCIATION('user defined attribute','',#4601,#4600);
#4603=DESCRIPTIVE_REPRESENTATION_ITEM('NUMERO_AUTO','O');
#4607=GENERAL_PROPERTY('','DESIGNATION_1','user defined attribute');
#4608=GENERAL_PROPERTY_ASSOCIATION('user defined attribute','',#4607,#4606);
#4609=DESCRIPTIVE_REPRESENTATION_ITEM('DESIGNATION_1','');
#4613=GENERAL_PROPERTY('','DESIGNATION_2','user defined attribute');
#4614=GENERAL_PROPERTY_ASSOCIATION('user defined attribute','',#4613,#4612);
#4615=DESCRIPTIVE_REPRESENTATION_ITEM('DESIGNATION_2','PTS 647 SXXX SMTR2 LFS');
#4619=GENERAL_PROPERTY('','DESIGNATION_3','user defined attribute');
#4620=GENERAL_PROPERTY_ASSOCIATION('user defined attribute','',#4619,#4618);
#4621=DESCRIPTIVE_REPRESENTATION_ITEM('DESIGNATION_3','');
#4625=GENERAL_PROPERTY('','FEUILLET','user defined attribute');
#4626=GENERAL_PROPERTY_ASSOCIATION('user defined attribute','',#4625,#4624);
#4627=DESCRIPTIVE_REPRESENTATION_ITEM('FEUILLET','0');
#4631=GENERAL_PROPERTY('','DIMCRIT','user defined attribute');
#4632=GENERAL_PROPERTY_ASSOCIATION('user defined attribute','',#4631,#4630);
#4633=DESCRIPTIVE_REPRESENTATION_ITEM('DIMCRIT','.');
#4637=GENERAL_PROPERTY('','DIMSPC','user defined attribute');
#4638=GENERAL_PROPERTY_ASSOCIATION('user defined attribute','',#4637,#4636);
#4639=DESCRIPTIVE_REPRESENTATION_ITEM('DIMSPC','.');
#4643=GENERAL_PROPERTY('','NO_CLIENT','user defined attribute');
#4644=GENERAL_PROPERTY_ASSOCIATION('user defined attribute','',#4643,#4642);
#4645=DESCRIPTIVE_REPRESENTATION_ITEM('NO_CLIENT','1');
#4649=GENERAL_PROPERTY('','NO_ETUDE','user defined attribute');
#4650=GENERAL_PROPERTY_ASSOCIATION('user defined attribute','',#4649,#4648);
#4651=DESCRIPTIVE_REPRESENTATION_ITEM('NO_ETUDE','1');
#4655=GENERAL_PROPERTY('','NO_FAMILLE','user defined attribute');
#4656=GENERAL_PROPERTY_ASSOCIATION('user defined attribute','',#4655,#4654);
#4657=DESCRIPTIVE_REPRESENTATION_ITEM('NO_FAMILLE','1');
#4661=GENERAL_PROPERTY('','NO_POSTE','user defined attribute');
#4662=GENERAL_PROPERTY_ASSOCIATION('user defined attribute','',#4661,#4660);
#4663=DESCRIPTIVE_REPRESENTATION_ITEM('NO_POSTE','.');
#4667=GENERAL_PROPERTY('','NOREMP','user defined attribute');
#4668=GENERAL_PROPERTY_ASSOCIATION('user defined attribute','',#4667,#4666);
#4669=DESCRIPTIVE_REPRESENTATION_ITEM('NOREMP','1');
#4673=GENERAL_PROPERTY('','DRAWING_TITLE','user defined attribute');
#4674=GENERAL_PROPERTY_ASSOCIATION('user defined attribute','',#4673,#4672);
#4675=DESCRIPTIVE_REPRESENTATION_ITEM('DRAWING_TITLE','.');
#4679=GENERAL_PROPERTY('','DRAWING_TITLE2','user defined attribute');
#4680=GENERAL_PROPERTY_ASSOCIATION('user defined attribute','',#4679,#4678);
#4681=DESCRIPTIVE_REPRESENTATION_ITEM('DRAWING_TITLE2','.');
#4685=GENERAL_PROPERTY('','DRAWING_NUMBER','user defined attribute');
#4686=GENERAL_PROPERTY_ASSOCIATION('user defined attribute','',#4685,#4684);
#4687=DESCRIPTIVE_REPRESENTATION_ITEM('DRAWING_NUMBER','.');
#4691=GENERAL_PROPERTY('','PART_NUMBER','user defined attribute');
#4692=GENERAL_PROPERTY_ASSOCIATION('user defined attribute','',#4691,#4690);
#4693=DESCRIPTIVE_REPRESENTATION_ITEM('PART_NUMBER','.');
#4697=GENERAL_PROPERTY('','CUSTOMER_NUMBER','user defined attribute');
#4698=GENERAL_PROPERTY_ASSOCIATION('user defined attribute','',#4697,#4696);
#4699=DESCRIPTIVE_REPRESENTATION_ITEM('CUSTOMER_NUMBER','.');
#4703=GENERAL_PROPERTY('','CUSTOMER_REV','user defined attribute');
#4704=GENERAL_PROPERTY_ASSOCIATION('user defined attribute','',#4703,#4702);
#4705=DESCRIPTIVE_REPRESENTATION_ITEM('CUSTOMER_REV','.');
#4709=GENERAL_PROPERTY('','DRAWN_BY','user defined attribute');
#4710=GENERAL_PROPERTY_ASSOCIATION('user defined attribute','',#4709,#4708);
#4711=DESCRIPTIVE_REPRESENTATION_ITEM('DRAWN_BY','.');
#4715=GENERAL_PROPERTY('','DRAWN_DATE','user defined attribute');
#4716=GENERAL_PROPERTY_ASSOCIATION('user defined attribute','',#4715,#4714);
#4717=DESCRIPTIVE_REPRESENTATION_ITEM('DRAWN_DATE','.');
#4721=GENERAL_PROPERTY('','CHECKED_BY','user defined attribute');
#4722=GENERAL_PROPERTY_ASSOCIATION('user defined attribute','',#4721,#4720);
#4723=DESCRIPTIVE_REPRESENTATION_ITEM('CHECKED_BY','.');
#4727=GENERAL_PROPERTY('','CHECKED_DATE','user defined attribute');
#4728=GENERAL_PROPERTY_ASSOCIATION('user defined attribute','',#4727,#4726);
#4729=DESCRIPTIVE_REPRESENTATION_ITEM('CHECKED_DATE','.');
#4733=GENERAL_PROPERTY('','APPRVD_BY','user defined attribute');
#4734=GENERAL_PROPERTY_ASSOCIATION('user defined attribute','',#4733,#4732);
#4735=DESCRIPTIVE_REPRESENTATION_ITEM('APPRVD_BY','.');
#4739=GENERAL_PROPERTY('','APPRVD_DATE','user defined attribute');
#4740=GENERAL_PROPERTY_ASSOCIATION('user defined attribute','',#4739,#4738);
#4741=DESCRIPTIVE_REPRESENTATION_ITEM('APPRVD_DATE','.');
#4745=GENERAL_PROPERTY('','PAR_NUMBER','user defined attribute');
#4746=GENERAL_PROPERTY_ASSOCIATION('user defined attribute','',#4745,#4744);
#4747=DESCRIPTIVE_REPRESENTATION_ITEM('PAR_NUMBER','.');
#4751=GENERAL_PROPERTY('','CUSTOMER_NAME','user defined attribute');
#4752=GENERAL_PROPERTY_ASSOCIATION('user defined attribute','',#4751,#4750);
#4753=DESCRIPTIVE_REPRESENTATION_ITEM('CUSTOMER_NAME','.');
#4757=GENERAL_PROPERTY('','MODEL_NAME','user defined attribute');
#4758=GENERAL_PROPERTY_ASSOCIATION('user defined attribute','',#4757,#4756);
#4759=DESCRIPTIVE_REPRESENTATION_ITEM('MODEL_NAME','.');
#4763=GENERAL_PROPERTY('','UNIT_OF_MEAS','user defined attribute');
#4764=GENERAL_PROPERTY_ASSOCIATION('user defined attribute','',#4763,#4762);
#4765=DESCRIPTIVE_REPRESENTATION_ITEM('UNIT_OF_MEAS','.');
#4769=GENERAL_PROPERTY('','NO1_POSTE','user defined attribute');
#4770=GENERAL_PROPERTY_ASSOCIATION('user defined attribute','',#4769,#4768);
#4771=DESCRIPTIVE_REPRESENTATION_ITEM('NO1_POSTE','0');
#4775=GENERAL_PROPERTY('','EP_PCB','user defined attribute');
#4776=GENERAL_PROPERTY_ASSOCIATION('user defined attribute','',#4775,#4774);
#4777=DESCRIPTIVE_REPRESENTATION_ITEM('EP_PCB','0');
#4781=GENERAL_PROPERTY('','NB_COUCHE','user defined attribute');
#4782=GENERAL_PROPERTY_ASSOCIATION('user defined attribute','',#4781,#4780);
#4783=DESCRIPTIVE_REPRESENTATION_ITEM('NB_COUCHE','0');
#4787=GENERAL_PROPERTY('','NB_FACE','user defined attribute');
#4788=GENERAL_PROPERTY_ASSOCIATION('user defined attribute','',#4787,#4786);
#4789=DESCRIPTIVE_REPRESENTATION_ITEM('NB_FACE','0');
#4793=GENERAL_PROPERTY('','MAT_PCB','user defined attribute');
#4794=GENERAL_PROPERTY_ASSOCIATION('user defined attribute','',#4793,#4792);
#4795=DESCRIPTIVE_REPRESENTATION_ITEM('MAT_PCB','0');
#4799=GENERAL_PROPERTY('','ROUTAGE','user defined attribute');
#4800=GENERAL_PROPERTY_ASSOCIATION('user defined attribute','',#4799,#4798);
#4801=DESCRIPTIVE_REPRESENTATION_ITEM('ROUTAGE','0');
#4805=GENERAL_PROPERTY('','SCHEMA_LABO','user defined attribute');
#4806=GENERAL_PROPERTY_ASSOCIATION('user defined attribute','',#4805,#4804);
#4807=DESCRIPTIVE_REPRESENTATION_ITEM('SCHEMA_LABO','0');
#4811=GENERAL_PROPERTY('','NOM_LABO','user defined attribute');
#4812=GENERAL_PROPERTY_ASSOCIATION('user defined attribute','',#4811,#4810);
#4813=DESCRIPTIVE_REPRESENTATION_ITEM('NOM_LABO','0');
#4817=GENERAL_PROPERTY('','FABRIQUANT','user defined attribute');
#4818=GENERAL_PROPERTY_ASSOCIATION('user defined attribute','',#4817,#4816);
#4819=DESCRIPTIVE_REPRESENTATION_ITEM('FABRIQUANT','0');
#4823=GENERAL_PROPERTY('','PLANCHE','user defined attribute');
#4824=GENERAL_PROPERTY_ASSOCIATION('user defined attribute','',#4823,#4822);
#4825=DESCRIPTIVE_REPRESENTATION_ITEM('PLANCHE','0');
#4829=GENERAL_PROPERTY('','DIMCTQ','user defined attribute');
#4830=GENERAL_PROPERTY_ASSOCIATION('user defined attribute','',#4829,#4828);
#4831=DESCRIPTIVE_REPRESENTATION_ITEM('DIMCTQ','0');
#4835=GENERAL_PROPERTY('','PDMREV','user defined attribute');
#4836=GENERAL_PROPERTY_ASSOCIATION('user defined attribute','',#4835,#4834);
#4837=DESCRIPTIVE_REPRESENTATION_ITEM('PDMREV','');
#4841=GENERAL_PROPERTY('','PDMDB','user defined attribute');
#4842=GENERAL_PROPERTY_ASSOCIATION('user defined attribute','',#4841,#4840);
#4843=DESCRIPTIVE_REPRESENTATION_ITEM('PDMDB','');
#4847=GENERAL_PROPERTY('','PDMRL','user defined attribute');
#4848=GENERAL_PROPERTY_ASSOCIATION('user defined attribute','',#4847,#4846);
#4849=DESCRIPTIVE_REPRESENTATION_ITEM('PDMRL','');
#4853=GENERAL_PROPERTY('','PROI_REVISION','user defined attribute');
#4854=GENERAL_PROPERTY_ASSOCIATION('user defined attribute','',#4853,#4852);
#4855=DESCRIPTIVE_REPRESENTATION_ITEM('PROI_REVISION','');
#4859=GENERAL_PROPERTY('','PROI_VERSION','user defined attribute');
#4860=GENERAL_PROPERTY_ASSOCIATION('user defined attribute','',#4859,#4858);
#4861=DESCRIPTIVE_REPRESENTATION_ITEM('PROI_VERSION','');
#4865=GENERAL_PROPERTY('','PROI_BRANCH','user defined attribute');
#4866=GENERAL_PROPERTY_ASSOCIATION('user defined attribute','',#4865,#4864);
#4867=DESCRIPTIVE_REPRESENTATION_ITEM('PROI_BRANCH','');
#4871=GENERAL_PROPERTY('','PROI_RELEASE','user defined attribute');
#4872=GENERAL_PROPERTY_ASSOCIATION('user defined attribute','',#4871,#4870);
#4873=DESCRIPTIVE_REPRESENTATION_ITEM('PROI_RELEASE','');
#4877=GENERAL_PROPERTY('','PTC_MODIFIED','user defined attribute');
#4878=GENERAL_PROPERTY_ASSOCIATION('user defined attribute','',#4877,#4876);
#4879=DESCRIPTIVE_REPRESENTATION_ITEM('PTC_MODIFIED','NO');
#4882=DESCRIPTIVE_REPRESENTATION_ITEM('attribute description','Yes No');
#4887=GENERAL_PROPERTY('','PROI_CREATED_BY','user defined attribute');
#4888=GENERAL_PROPERTY_ASSOCIATION('user defined attribute','',#4887,#4886);
#4889=DESCRIPTIVE_REPRESENTATION_ITEM('PROI_CREATED_BY','eric.riffaud');
#4893=GENERAL_PROPERTY('','PROI_CREATED_ON','user defined attribute');
#4894=GENERAL_PROPERTY_ASSOCIATION('user defined attribute','',#4893,#4892);
#4895=DESCRIPTIVE_REPRESENTATION_ITEM('PROI_CREATED_ON','25/01/2013 14:07:47');
#4899=GENERAL_PROPERTY('','PROI_LOCATION','user defined attribute');
#4900=GENERAL_PROPERTY_ASSOCIATION('user defined attribute','',#4899,#4898);
#4901=DESCRIPTIVE_REPRESENTATION_ITEM('PROI_LOCATION',
'Dossier racine/dole_south_rd/pts/standard/pts647');
#4905=GENERAL_PROPERTY('','ERSTELLER','user defined attribute');
#4906=GENERAL_PROPERTY_ASSOCIATION('user defined attribute','',#4905,#4904);
#4907=DESCRIPTIVE_REPRESENTATION_ITEM('ERSTELLER','.');
#4911=GENERAL_PROPERTY('','LANGAGE','user defined attribute');
#4912=GENERAL_PROPERTY_ASSOCIATION('user defined attribute','',#4911,#4910);
#4913=DESCRIPTIVE_REPRESENTATION_ITEM('LANGAGE','.');
#4917=GENERAL_PROPERTY('','PTC_ORGANIZATION_ID','user defined attribute');
#4918=GENERAL_PROPERTY_ASSOCIATION('user defined attribute','',#4917,#4916);
#4919=DESCRIPTIVE_REPRESENTATION_ITEM('PTC_ORGANIZATION_ID','CK');
#4923=GENERAL_PROPERTY('','PTC_WM_REVISION','user defined attribute');
#4924=GENERAL_PROPERTY_ASSOCIATION('user defined attribute','',#4923,#4922);
#4925=DESCRIPTIVE_REPRESENTATION_ITEM('PTC_WM_REVISION','B');
#4929=GENERAL_PROPERTY('','PTC_WM_ITERATION','user defined attribute');
#4930=GENERAL_PROPERTY_ASSOCIATION('user defined attribute','',#4929,#4928);
#4931=DESCRIPTIVE_REPRESENTATION_ITEM('PTC_WM_ITERATION','1');
#4935=GENERAL_PROPERTY('','PTC_WM_VERSION','user defined attribute');
#4936=GENERAL_PROPERTY_ASSOCIATION('user defined attribute','',#4935,#4934);
#4937=DESCRIPTIVE_REPRESENTATION_ITEM('PTC_WM_VERSION','B.1');
#4941=GENERAL_PROPERTY('','PTC_WM_LIFECYCLE_STATE','user defined attribute');
#4942=GENERAL_PROPERTY_ASSOCIATION('user defined attribute','',#4941,#4940);
#4943=DESCRIPTIVE_REPRESENTATION_ITEM('PTC_WM_LIFECYCLE_STATE',
'IN DESIGN PHASE');
#4947=GENERAL_PROPERTY('','PTC_WM_LIFECYCLE','user defined attribute');
#4948=GENERAL_PROPERTY_ASSOCIATION('user defined attribute','',#4947,#4946);
#4949=DESCRIPTIVE_REPRESENTATION_ITEM('PTC_WM_LIFECYCLE','CK_LC');
#4953=GENERAL_PROPERTY('','PTC_WM_LOCATION','user defined attribute');
#4954=GENERAL_PROPERTY_ASSOCIATION('user defined attribute','',#4953,#4952);
#4955=DESCRIPTIVE_REPRESENTATION_ITEM('PTC_WM_LOCATION',
'/\X2\4EA754C1\X0\/HUIZHOU_RD/GSS/PTS_TRANSFER/pts/pts647');
#4959=GENERAL_PROPERTY('','PTC_WM_CREATED_BY','user defined attribute');
#4960=GENERAL_PROPERTY_ASSOCIATION('user defined attribute','',#4959,#4958);
#4961=DESCRIPTIVE_REPRESENTATION_ITEM('PTC_WM_CREATED_BY',
'Hu, Cube (Cube.hu: CK)');
#4965=GENERAL_PROPERTY('','PTC_WM_CREATED_ON','user defined attribute');
#4966=GENERAL_PROPERTY_ASSOCIATION('user defined attribute','',#4965,#4964);
#4967=DESCRIPTIVE_REPRESENTATION_ITEM('PTC_WM_CREATED_ON','11-04-21');
#4971=GENERAL_PROPERTY('','PTC_WM_MODIFIED_BY','user defined attribute');
#4972=GENERAL_PROPERTY_ASSOCIATION('user defined attribute','',#4971,#4970);
#4973=DESCRIPTIVE_REPRESENTATION_ITEM('PTC_WM_MODIFIED_BY',
'Hu, Cube (Cube.hu: CK)');
#4977=GENERAL_PROPERTY('','PTC_WM_MODIFIED_ON','user defined attribute');
#4978=GENERAL_PROPERTY_ASSOCIATION('user defined attribute','',#4977,#4976);
#4979=DESCRIPTIVE_REPRESENTATION_ITEM('PTC_WM_MODIFIED_ON','11-04-21');
#4983=GENERAL_PROPERTY('','PTC_WM_TEAM','user defined attribute');
#4984=GENERAL_PROPERTY_ASSOCIATION('user defined attribute','',#4983,#4982);
#4985=DESCRIPTIVE_REPRESENTATION_ITEM('PTC_WM_TEAM','');
#4989=GENERAL_PROPERTY('','REFERENCE','user defined attribute');
#4990=GENERAL_PROPERTY_ASSOCIATION('user defined attribute','',#4989,#4988);
#4991=DESCRIPTIVE_REPRESENTATION_ITEM('REFERENCE','.');
#4995=GENERAL_PROPERTY('','NO_MACHINE','user defined attribute');
#4996=GENERAL_PROPERTY_ASSOCIATION('user defined attribute','',#4995,#4994);
#4997=DESCRIPTIVE_REPRESENTATION_ITEM('NO_MACHINE','.');
#5001=GENERAL_PROPERTY('','VAR_POSTE','user defined attribute');
#5002=GENERAL_PROPERTY_ASSOCIATION('user defined attribute','',#5001,#5000);
#5003=DESCRIPTIVE_REPRESENTATION_ITEM('VAR_POSTE','.');
#5007=GENERAL_PROPERTY('','PTC_WM_NAME','user defined attribute');
#5008=GENERAL_PROPERTY_ASSOCIATION('user defined attribute','',#5007,#5006);
#5009=DESCRIPTIVE_REPRESENTATION_ITEM('PTC_WM_NAME','cu97m05647fp.prt');
#5013=GENERAL_PROPERTY('','PTC_WM_NUMBER','user defined attribute');
#5014=GENERAL_PROPERTY_ASSOCIATION('user defined attribute','',#5013,#5012);
#5015=DESCRIPTIVE_REPRESENTATION_ITEM('PTC_WM_NUMBER','CU97M05647FP.PRT');
#5019=GENERAL_PROPERTY('','PTC_VAL_IMP_SCORE','user defined attribute');
#5020=GENERAL_PROPERTY_ASSOCIATION('user defined attribute','',#5019,#5018);
#5021=DESCRIPTIVE_REPRESENTATION_ITEM('PTC_VAL_IMP_SCORE','PASS');
#5025=GENERAL_PROPERTY('','PTC_MP_IMP_VOLUME','user defined attribute');
#5026=GENERAL_PROPERTY_ASSOCIATION('user defined attribute','',#5025,#5024);
#5027=VALUE_REPRESENTATION_ITEM('PTC_MP_IMP_VOLUME',NUMERIC_MEASURE(
5.836770911836E1));
#5030=DESCRIPTIVE_REPRESENTATION_ITEM('attribute description','Real Number');
#5035=GENERAL_PROPERTY('','PTC_MP_IMP_AREA','user defined attribute');
#5036=GENERAL_PROPERTY_ASSOCIATION('user defined attribute','',#5035,#5034);
#5037=VALUE_REPRESENTATION_ITEM('PTC_MP_IMP_AREA',NUMERIC_MEASURE(
1.221086937793E2));
#5040=DESCRIPTIVE_REPRESENTATION_ITEM('attribute description','Real Number');
#5045=GENERAL_PROPERTY('','PTC_MP_IMP_COGX','user defined attribute');
#5046=GENERAL_PROPERTY_ASSOCIATION('user defined attribute','',#5045,#5044);
#5047=VALUE_REPRESENTATION_ITEM('PTC_MP_IMP_COGX',NUMERIC_MEASURE(
1.650379755568E0));
#5050=DESCRIPTIVE_REPRESENTATION_ITEM('attribute description','Real Number');
#5055=GENERAL_PROPERTY('','PTC_MP_IMP_COGY','user defined attribute');
#5056=GENERAL_PROPERTY_ASSOCIATION('user defined attribute','',#5055,#5054);
#5057=VALUE_REPRESENTATION_ITEM('PTC_MP_IMP_COGY',NUMERIC_MEASURE(
1.051019467787E-8));
#5060=DESCRIPTIVE_REPRESENTATION_ITEM('attribute description','Real Number');
#5065=GENERAL_PROPERTY('','PTC_MP_IMP_COGZ','user defined attribute');
#5066=GENERAL_PROPERTY_ASSOCIATION('user defined attribute','',#5065,#5064);
#5067=VALUE_REPRESENTATION_ITEM('PTC_MP_IMP_COGZ',NUMERIC_MEASURE(
2.275314214172E-14));
#5070=DESCRIPTIVE_REPRESENTATION_ITEM('attribute description','Real Number');
#5075=GENERAL_PROPERTY('','PTC_MP_VAL_IMP_VOLUME','user defined attribute');
#5076=GENERAL_PROPERTY_ASSOCIATION('user defined attribute','',#5075,#5074);
#5078=DERIVED_UNIT_ELEMENT(#5077,3.E0);
#5079=DERIVED_UNIT((#5078));
#5080=MEASURE_REPRESENTATION_ITEM('PTC_MP_VAL_IMP_VOLUME',VOLUME_MEASURE(
5.836769701445E1),#5079);
#5084=GENERAL_PROPERTY('','PTC_MP_VAL_IMP_AREA','user defined attribute');
#5085=GENERAL_PROPERTY_ASSOCIATION('user defined attribute','',#5084,#5083);
#5087=DERIVED_UNIT_ELEMENT(#5086,2.E0);
#5088=DERIVED_UNIT((#5087));
#5089=MEASURE_REPRESENTATION_ITEM('PTC_MP_VAL_IMP_AREA',AREA_MEASURE(
1.221085882218E2),#5088);
#5093=GENERAL_PROPERTY('','PTC_MP_VAL_IMP_COGX','user defined attribute');
#5094=GENERAL_PROPERTY_ASSOCIATION('user defined attribute','',#5093,#5092);
#5096=MEASURE_REPRESENTATION_ITEM('PTC_MP_VAL_IMP_COGX',LENGTH_MEASURE(
1.650379672462E0),#5095);
#5100=GENERAL_PROPERTY('','PTC_MP_VAL_IMP_COGY','user defined attribute');
#5101=GENERAL_PROPERTY_ASSOCIATION('user defined attribute','',#5100,#5099);
#5103=MEASURE_REPRESENTATION_ITEM('PTC_MP_VAL_IMP_COGY',LENGTH_MEASURE(
-1.444310270254E-6),#5102);
#5107=GENERAL_PROPERTY('','PTC_MP_VAL_IMP_COGZ','user defined attribute');
#5108=GENERAL_PROPERTY_ASSOCIATION('user defined attribute','',#5107,#5106);
#5110=MEASURE_REPRESENTATION_ITEM('PTC_MP_VAL_IMP_COGZ',LENGTH_MEASURE(
5.556943379854E-8),#5109);
#5114=GENERAL_PROPERTY('','PTC_COMMON_NAME','user defined attribute');
#5115=GENERAL_PROPERTY_ASSOCIATION('user defined attribute','',#5114,#5113);
#5116=DESCRIPTIVE_REPRESENTATION_ITEM('PTC_COMMON_NAME','cu97m05647fp.prt');
#5119=APPLIED_PRESENTED_ITEM((#4168));
#5120=PRESENTED_ITEM_REPRESENTATION(#4258,#5119);
#1=DRAUGHTING_PRE_DEFINED_COLOUR('black');
#2=COLOUR_RGB('',0.E0,3.E-2,7.E-1);
#3=COLOUR_RGB('',0.E0,4.48509E-1,9.66019E-1);
#4=DRAUGHTING_PRE_DEFINED_COLOUR('green');
#5=COLOUR_RGB('',2.5244E-2,1.50068E-1,3.82488E-1);
#6=COLOUR_RGB('',3.E-2,2.E-1,6.3E-1);
#7=COLOUR_RGB('',4.E-2,2.5E-1,1.7E-1);
#8=COLOUR_RGB('',1.E-1,6.3E-1,5.E-1);
#9=COLOUR_RGB('',2.E-1,2.E-1,2.E-1);
#10=COLOUR_RGB('',2.E-1,1.E0,1.E0);
#11=COLOUR_RGB('',2.1E-1,5.1E-1,4.2E-1);
#12=COLOUR_RGB('',2.3E-1,3.8E-1,5.6E-1);
#13=COLOUR_RGB('',2.8E-1,2.8E-1,2.8E-1);
#14=COLOUR_RGB('',3.2E-1,5.8E-1,8.1E-1);
#15=COLOUR_RGB('',3.9E-1,4.4E-1,4.9E-1);
#16=COLOUR_RGB('',4.4E-1,5.E-1,6.E-1);
#17=COLOUR_RGB('',5.1E-1,4.E-1,1.1E-1);
#18=COLOUR_RGB('',5.5E-1,5.5E-1,5.5E-1);
#19=COLOUR_RGB('',6.E-1,4.E-1,2.E-1);
#20=COLOUR_RGB('',6.2E-1,6.06625E-1,5.33609E-1);
#21=COLOUR_RGB('',6.2E-1,7.E-1,7.7E-1);
#22=COLOUR_RGB('',6.35294E-1,6.86275E-1,7.4902E-1);
#23=COLOUR_RGB('',6.4E-1,4.6E-1,3.E-1);
#24=COLOUR_RGB('',6.8E-1,8.1E-1,1.E0);
#25=COLOUR_RGB('',7.4E-1,4.E-1,4.E-1);
#26=COLOUR_RGB('',7.5E-1,7.2E-1,0.E0);
#27=COLOUR_RGB('',8.2E-1,6.E-1,2.4E-1);
#28=COLOUR_RGB('',8.3E-1,0.E0,0.E0);
#29=COLOUR_RGB('',8.784E-1,9.49E-1,1.E0);
#30=DRAUGHTING_PRE_DEFINED_COLOUR('red');
#31=COLOUR_RGB('',1.E0,0.E0,8.E-2);
#32=COLOUR_RGB('',1.E0,0.E0,7.8E-1);
#33=DRAUGHTING_PRE_DEFINED_COLOUR('magenta');
#34=COLOUR_RGB('',1.E0,3.E-2,3.E-2);
#35=COLOUR_RGB('',1.E0,3.6E-1,0.E0);
#36=COLOUR_RGB('',1.E0,7.2E-1,0.E0);
#37=COLOUR_RGB('',1.E0,8.E-1,2.E-1);
#38=DRAUGHTING_PRE_DEFINED_COLOUR('yellow');
#39=DRAUGHTING_PRE_DEFINED_COLOUR('white');
#44=CIRCLE('',#43,3.E-1);
#61=CIRCLE('',#60,3.E-1);
#66=CIRCLE('',#65,3.E-1);
#71=CIRCLE('',#70,3.E-1);
#76=CIRCLE('',#75,3.E-1);
#229=CIRCLE('',#228,3.E-1);
#282=CIRCLE('',#281,3.E-1);
#303=CIRCLE('',#302,3.E-1);
#332=CIRCLE('',#331,3.5E-1);
#344=B_SPLINE_CURVE_WITH_KNOTS('',3,(#337,#338,#339,#340,#341,#342,#343),
.UNSPECIFIED.,.F.,.F.,(4,1,1,1,4),(0.E0,2.5E-1,5.E-1,7.5E-1,1.E0),
.UNSPECIFIED.);
#353=CIRCLE('',#352,4.E-1);
#370=CIRCLE('',#369,1.E-1);
#423=CIRCLE('',#422,3.5E-1);
#432=CIRCLE('',#431,1.E-1);
#437=CIRCLE('',#436,4.E-1);
#446=CIRCLE('',#445,5.E-2);
#459=CIRCLE('',#458,3.5E-1);
#468=CIRCLE('',#467,1.E-1);
#473=CIRCLE('',#472,4.E-1);
#485=B_SPLINE_CURVE_WITH_KNOTS('',3,(#478,#479,#480,#481,#482,#483,#484),
.UNSPECIFIED.,.F.,.F.,(4,1,1,1,4),(0.E0,2.5E-1,5.E-1,7.5E-1,1.E0),
.UNSPECIFIED.);
#494=CIRCLE('',#493,5.E-2);
#503=CIRCLE('',#502,4.E-1);
#520=CIRCLE('',#519,1.E-1);
#529=CIRCLE('',#528,3.5E-1);
#590=CIRCLE('',#589,4.E-1);
#595=CIRCLE('',#594,1.E-1);
#604=CIRCLE('',#603,3.5E-1);
#613=CIRCLE('',#612,5.E-2);
#618=CIRCLE('',#617,3.5E-1);
#627=CIRCLE('',#626,1.E-1);
#644=CIRCLE('',#643,4.E-1);
#656=B_SPLINE_CURVE_WITH_KNOTS('',3,(#649,#650,#651,#652,#653,#654,#655),
.UNSPECIFIED.,.F.,.F.,(4,1,1,1,4),(0.E0,2.5E-1,5.E-1,7.5E-1,1.E0),
.UNSPECIFIED.);
#717=CIRCLE('',#716,5.E-2);
#722=CIRCLE('',#721,3.5E-1);
#731=CIRCLE('',#730,1.E-1);
#748=CIRCLE('',#747,4.E-1);
#796=B_SPLINE_CURVE_WITH_KNOTS('',3,(#789,#790,#791,#792,#793,#794,#795),
.UNSPECIFIED.,.F.,.F.,(4,1,1,1,4),(0.E0,2.5E-1,5.E-1,7.5E-1,1.E0),
.UNSPECIFIED.);
#805=CIRCLE('',#804,4.E-1);
#810=CIRCLE('',#809,1.E-1);
#819=CIRCLE('',#818,3.5E-1);
#876=CIRCLE('',#875,3.E-1);
#893=CIRCLE('',#892,3.E-1);
#910=CIRCLE('',#909,3.E-1);
#927=CIRCLE('',#926,3.E-1);
#1092=CIRCLE('',#1091,3.E-1);
#1109=CIRCLE('',#1108,3.E-1);
#1126=CIRCLE('',#1125,3.E-1);
#1143=CIRCLE('',#1142,3.E-1);
#1160=CIRCLE('',#1159,3.5E-1);
#1165=CIRCLE('',#1164,3.5E-1);
#1170=CIRCLE('',#1169,3.5E-1);
#1175=CIRCLE('',#1174,3.5E-1);
#1180=CIRCLE('',#1179,3.5E-1);
#1185=CIRCLE('',#1184,3.5E-1);
#1190=CIRCLE('',#1189,1.2E0);
#1195=CIRCLE('',#1194,1.2E0);
#1200=CIRCLE('',#1199,3.5E-1);
#1205=CIRCLE('',#1204,3.5E-1);
#1214=CIRCLE('',#1213,3.5E-1);
#1219=CIRCLE('',#1218,2.499999999996E-1);
#1224=CIRCLE('',#1223,1.000008402751E-1);
#1229=CIRCLE('',#1228,1.000008402751E-1);
#1234=CIRCLE('',#1233,3.5E-1);
#1239=CIRCLE('',#1238,2.499999999996E-1);
#1252=CIRCLE('',#1251,3.5E-1);
#1257=CIRCLE('',#1256,2.499999999996E-1);
#1262=CIRCLE('',#1261,1.000008402751E-1);
#1267=CIRCLE('',#1266,1.000008402751E-1);
#1272=CIRCLE('',#1271,3.5E-1);
#1277=CIRCLE('',#1276,2.499999999996E-1);
#1290=CIRCLE('',#1289,3.5E-1);
#1295=CIRCLE('',#1294,2.499999999996E-1);
#1300=CIRCLE('',#1299,1.000008402751E-1);
#1305=CIRCLE('',#1304,1.000008402751E-1);
#1310=CIRCLE('',#1309,3.5E-1);
#1315=CIRCLE('',#1314,2.499999999996E-1);
#1332=CIRCLE('',#1331,1.2E0);
#1337=CIRCLE('',#1336,1.2E0);
#1342=CIRCLE('',#1341,1.15E0);
#1351=CIRCLE('',#1350,1.15E0);
#1356=CIRCLE('',#1355,1.15E0);
#1369=CIRCLE('',#1368,2.E-1);
#1374=CIRCLE('',#1373,9.5E-1);
#1379=CIRCLE('',#1378,9.5E-1);
#1384=CIRCLE('',#1383,2.E-1);
#1389=CIRCLE('',#1388,1.15E0);
#1394=CIRCLE('',#1393,1.15E0);
#1399=CIRCLE('',#1398,1.15E0);
#1412=CIRCLE('',#1411,3.5E-1);
#1417=CIRCLE('',#1416,2.499999999996E-1);
#1422=CIRCLE('',#1421,1.000008402751E-1);
#1427=CIRCLE('',#1426,1.000008402751E-1);
#1432=CIRCLE('',#1431,3.5E-1);
#1437=CIRCLE('',#1436,2.499999999996E-1);
#1872=EDGE_CURVE('',#1444,#1445,#44,.T.);
#1874=EDGE_CURVE('',#1447,#1445,#144,.T.);
#1876=EDGE_CURVE('',#1449,#1447,#120,.T.);
#1878=EDGE_CURVE('',#1449,#1451,#48,.T.);
#1880=EDGE_CURVE('',#1444,#1451,#100,.T.);
#1884=ADVANCED_FACE('',(#1883),#1871,.F.);
#1890=EDGE_CURVE('',#1484,#1485,#76,.T.);
#1892=EDGE_CURVE('',#1484,#1445,#52,.T.);
#1895=EDGE_CURVE('',#1444,#1485,#56,.T.);
#1899=ADVANCED_FACE('',(#1898),#1889,.T.);
#1905=EDGE_CURVE('',#1495,#1485,#96,.T.);
#1907=EDGE_CURVE('',#1495,#1497,#61,.T.);
#1909=EDGE_CURVE('',#1499,#1497,#192,.T.);
#1911=EDGE_CURVE('',#1499,#1501,#66,.T.);
#1913=EDGE_CURVE('',#1503,#1501,#164,.T.);
#1915=EDGE_CURVE('',#1503,#1505,#71,.T.);
#1917=EDGE_CURVE('',#1484,#1505,#128,.T.);
#1922=EDGE_CURVE('',#1508,#1509,#80,.T.);
#1924=EDGE_CURVE('',#1509,#1511,#84,.T.);
#1926=EDGE_CURVE('',#1511,#1513,#88,.T.);
#1928=EDGE_CURVE('',#1513,#1508,#92,.T.);
#1932=ADVANCED_FACE('',(#1921,#1931),#1904,.T.);
#1941=EDGE_CURVE('',#1750,#1451,#116,.T.);
#1943=EDGE_CURVE('',#1750,#1752,#104,.T.);
#1945=EDGE_CURVE('',#1752,#1457,#108,.T.);
#1947=EDGE_CURVE('',#1457,#1455,#112,.T.);
#1949=EDGE_CURVE('',#1495,#1455,#220,.T.);
#1953=ADVANCED_FACE('',(#1952),#1937,.T.);
#1960=EDGE_CURVE('',#1758,#1449,#124,.T.);
#1962=EDGE_CURVE('',#1750,#1758,#269,.T.);
#1967=ADVANCED_FACE('',(#1966),#1958,.F.);
#1974=EDGE_CURVE('',#1573,#1447,#140,.T.);
#1976=EDGE_CURVE('',#1758,#1573,#273,.T.);
#1981=ADVANCED_FACE('',(#1980),#1972,.F.);
#1988=EDGE_CURVE('',#1474,#1505,#160,.T.);
#1990=EDGE_CURVE('',#1474,#1481,#132,.T.);
#1992=EDGE_CURVE('',#1571,#1481,#277,.T.);
#1994=EDGE_CURVE('',#1571,#1573,#136,.T.);
#2001=EDGE_CURVE('',#1576,#1577,#577,.T.);
#2003=EDGE_CURVE('',#1579,#1576,#608,.T.);
#2005=EDGE_CURVE('',#1581,#1579,#664,.T.);
#2007=EDGE_CURVE('',#1581,#1577,#148,.T.);
#2011=EDGE_CURVE('',#1584,#1585,#704,.T.);
#2013=EDGE_CURVE('',#1584,#1587,#152,.T.);
#2015=EDGE_CURVE('',#1589,#1587,#827,.T.);
#2017=EDGE_CURVE('',#1585,#1589,#788,.T.);
#2021=ADVANCED_FACE('',(#2000,#2010,#2020),#1986,.T.);
#2028=EDGE_CURVE('',#1503,#1475,#156,.T.);
#2030=EDGE_CURVE('',#1474,#1475,#282,.T.);
#2035=ADVANCED_FACE('',(#2034),#2026,.T.);
#2042=EDGE_CURVE('',#1464,#1501,#188,.T.);
#2044=EDGE_CURVE('',#1464,#1471,#168,.T.);
#2046=EDGE_CURVE('',#1764,#1471,#298,.T.);
#2048=EDGE_CURVE('',#1764,#1762,#172,.T.);
#2050=EDGE_CURVE('',#1762,#1477,#176,.T.);
#2052=EDGE_CURVE('',#1477,#1475,#180,.T.);
#2057=ADVANCED_FACE('',(#2056),#2040,.T.);
#2064=EDGE_CURVE('',#1499,#1465,#184,.T.);
#2066=EDGE_CURVE('',#1464,#1465,#303,.T.);
#2071=ADVANCED_FACE('',(#2070),#2062,.T.);
#2078=EDGE_CURVE('',#1454,#1497,#224,.T.);
#2080=EDGE_CURVE('',#1454,#1461,#196,.T.);
#2082=EDGE_CURVE('',#1678,#1461,#319,.T.);
#2084=EDGE_CURVE('',#1678,#1680,#200,.T.);
#2086=EDGE_CURVE('',#1680,#1467,#204,.T.);
#2088=EDGE_CURVE('',#1467,#1465,#208,.T.);
#2093=EDGE_CURVE('',#1682,#1660,#323,.T.);
#2095=EDGE_CURVE('',#1684,#1682,#336,.T.);
#2097=EDGE_CURVE('',#1659,#1684,#382,.T.);
#2099=EDGE_CURVE('',#1659,#1660,#212,.T.);
#2103=EDGE_CURVE('',#1687,#1688,#450,.T.);
#2105=EDGE_CURVE('',#1687,#1690,#216,.T.);
#2107=EDGE_CURVE('',#1692,#1690,#537,.T.);
#2109=EDGE_CURVE('',#1688,#1692,#489,.T.);
#2113=ADVANCED_FACE('',(#2092,#2102,#2112),#2076,.T.);
#2121=EDGE_CURVE('',#1454,#1455,#229,.T.);
#2126=ADVANCED_FACE('',(#2125),#2118,.T.);
#2134=EDGE_CURVE('',#1459,#1457,#237,.T.);
#2136=EDGE_CURVE('',#1459,#1461,#233,.T.);
#2141=ADVANCED_FACE('',(#2140),#2131,.F.);
#2149=EDGE_CURVE('',#1768,#1752,#265,.T.);
#2151=EDGE_CURVE('',#1768,#1459,#241,.T.);
#2155=ADVANCED_FACE('',(#2154),#2146,.F.);
#2162=EDGE_CURVE('',#1571,#1760,#245,.T.);
#2164=EDGE_CURVE('',#1760,#1762,#249,.T.);
#2167=EDGE_CURVE('',#1764,#1766,#253,.T.);
#2169=EDGE_CURVE('',#1766,#1680,#257,.T.);
#2172=EDGE_CURVE('',#1678,#1768,#261,.T.);
#2180=ADVANCED_FACE('',(#2179),#2160,.T.);
#2186=EDGE_CURVE('',#1479,#1481,#286,.T.);
#2188=EDGE_CURVE('',#1760,#1479,#294,.T.);
#2194=ADVANCED_FACE('',(#2193),#2185,.F.);
#2202=EDGE_CURVE('',#1479,#1477,#290,.T.);
#2208=ADVANCED_FACE('',(#2207),#2199,.F.);
#2220=ADVANCED_FACE('',(#2219),#2213,.F.);
#2226=EDGE_CURVE('',#1469,#1471,#307,.T.);
#2228=EDGE_CURVE('',#1766,#1469,#315,.T.);
#2234=ADVANCED_FACE('',(#2233),#2225,.F.);
#2242=EDGE_CURVE('',#1469,#1467,#311,.T.);
#2248=ADVANCED_FACE('',(#2247),#2239,.F.);
#2260=ADVANCED_FACE('',(#2259),#2253,.F.);
#2272=ADVANCED_FACE('',(#2271),#2265,.F.);
#2278=EDGE_CURVE('',#1682,#1701,#344,.T.);
#2281=EDGE_CURVE('',#1676,#1660,#446,.T.);
#2283=EDGE_CURVE('',#1676,#1701,#327,.T.);
#2287=ADVANCED_FACE('',(#2286),#2277,.F.);
#2293=EDGE_CURVE('',#1706,#1684,#332,.T.);
#2297=EDGE_CURVE('',#1701,#1708,#348,.T.);
#2299=EDGE_CURVE('',#1708,#1710,#353,.T.);
#2301=EDGE_CURVE('',#1710,#1712,#357,.T.);
#2303=EDGE_CURVE('',#1712,#1714,#361,.T.);
#2305=EDGE_CURVE('',#1714,#1716,#365,.T.);
#2307=EDGE_CURVE('',#1716,#1718,#370,.T.);
#2309=EDGE_CURVE('',#1718,#1706,#374,.T.);
#2313=ADVANCED_FACE('',(#2312),#2292,.F.);
#2320=EDGE_CURVE('',#1706,#1662,#378,.T.);
#2322=EDGE_CURVE('',#1659,#1662,#423,.T.);
#2327=ADVANCED_FACE('',(#2326),#2318,.T.);
#2334=EDGE_CURVE('',#1664,#1718,#390,.T.);
#2336=EDGE_CURVE('',#1662,#1664,#427,.T.);
#2341=ADVANCED_FACE('',(#2340),#2332,.T.);
#2348=EDGE_CURVE('',#1716,#1666,#386,.T.);
#2350=EDGE_CURVE('',#1664,#1666,#432,.T.);
#2355=ADVANCED_FACE('',(#2354),#2346,.F.);
#2362=EDGE_CURVE('',#1714,#1668,#394,.T.);
#2364=EDGE_CURVE('',#1668,#1666,#398,.T.);
#2369=ADVANCED_FACE('',(#2368),#2360,.T.);
#2376=EDGE_CURVE('',#1712,#1670,#402,.T.);
#2378=EDGE_CURVE('',#1670,#1668,#406,.T.);
#2383=ADVANCED_FACE('',(#2382),#2374,.T.);
#2390=EDGE_CURVE('',#1672,#1710,#418,.T.);
#2392=EDGE_CURVE('',#1672,#1670,#410,.T.);
#2397=ADVANCED_FACE('',(#2396),#2388,.T.);
#2404=EDGE_CURVE('',#1708,#1674,#414,.T.);
#2406=EDGE_CURVE('',#1672,#1674,#437,.T.);
#2411=ADVANCED_FACE('',(#2410),#2402,.T.);
#2419=EDGE_CURVE('',#1674,#1676,#441,.T.);
#2424=ADVANCED_FACE('',(#2423),#2416,.T.);
#2442=ADVANCED_FACE('',(#2441),#2429,.F.);
#2448=EDGE_CURVE('',#1687,#1720,#459,.T.);
#2451=EDGE_CURVE('',#1722,#1688,#529,.T.);
#2453=EDGE_CURVE('',#1722,#1720,#454,.T.);
#2457=ADVANCED_FACE('',(#2456),#2447,.T.);
#2464=EDGE_CURVE('',#1720,#1724,#463,.T.);
#2466=EDGE_CURVE('',#1724,#1728,#468,.T.);
#2468=EDGE_CURVE('',#1732,#1728,#561,.T.);
#2470=EDGE_CURVE('',#1736,#1732,#553,.T.);
#2472=EDGE_CURVE('',#1740,#1736,#549,.T.);
#2474=EDGE_CURVE('',#1740,#1744,#473,.T.);
#2476=EDGE_CURVE('',#1744,#1702,#477,.T.);
#2478=EDGE_CURVE('',#1702,#1690,#485,.T.);
#2483=ADVANCED_FACE('',(#2482),#2462,.F.);
#2491=EDGE_CURVE('',#1726,#1722,#524,.T.);
#2493=EDGE_CURVE('',#1724,#1726,#569,.T.);
#2497=ADVANCED_FACE('',(#2496),#2488,.T.);
#2504=EDGE_CURVE('',#1692,#1704,#494,.T.);
#2506=EDGE_CURVE('',#1704,#1746,#498,.T.);
#2508=EDGE_CURVE('',#1746,#1742,#503,.T.);
#2510=EDGE_CURVE('',#1742,#1738,#507,.T.);
#2512=EDGE_CURVE('',#1738,#1734,#511,.T.);
#2514=EDGE_CURVE('',#1734,#1730,#515,.T.);
#2516=EDGE_CURVE('',#1730,#1726,#520,.T.);
#2522=ADVANCED_FACE('',(#2521),#2502,.T.);
#2529=EDGE_CURVE('',#1702,#1704,#533,.T.);
#2535=ADVANCED_FACE('',(#2534),#2527,.F.);
#2542=EDGE_CURVE('',#1746,#1744,#545,.T.);
#2548=ADVANCED_FACE('',(#2547),#2540,.T.);
#2555=EDGE_CURVE('',#1740,#1742,#541,.T.);
#2561=ADVANCED_FACE('',(#2560),#2553,.T.);
#2568=EDGE_CURVE('',#1738,#1736,#557,.T.);
#2574=ADVANCED_FACE('',(#2573),#2566,.T.);
#2581=EDGE_CURVE('',#1734,#1732,#565,.T.);
#2587=ADVANCED_FACE('',(#2586),#2579,.T.);
#2594=EDGE_CURVE('',#1730,#1728,#573,.T.);
#2600=ADVANCED_FACE('',(#2599),#2592,.T.);
#2612=ADVANCED_FACE('',(#2611),#2605,.F.);
#2618=EDGE_CURVE('',#1576,#1599,#613,.T.);
#2621=EDGE_CURVE('',#1600,#1577,#656,.T.);
#2623=EDGE_CURVE('',#1600,#1599,#581,.T.);
#2627=ADVANCED_FACE('',(#2626),#2617,.F.);
#2633=EDGE_CURVE('',#1599,#1618,#585,.T.);
#2635=EDGE_CURVE('',#1618,#1624,#590,.T.);
#2637=EDGE_CURVE('',#1630,#1624,#688,.T.);
#2639=EDGE_CURVE('',#1636,#1630,#680,.T.);
#2641=EDGE_CURVE('',#1642,#1636,#676,.T.);
#2643=EDGE_CURVE('',#1642,#1648,#595,.T.);
#2645=EDGE_CURVE('',#1648,#1654,#599,.T.);
#2647=EDGE_CURVE('',#1654,#1579,#604,.T.);
#2653=ADVANCED_FACE('',(#2652),#2632,.F.);
#2661=EDGE_CURVE('',#1620,#1600,#648,.T.);
#2663=EDGE_CURVE('',#1618,#1620,#696,.T.);
#2667=ADVANCED_FACE('',(#2666),#2658,.T.);
#2674=EDGE_CURVE('',#1581,#1656,#618,.T.);
#2676=EDGE_CURVE('',#1656,#1650,#622,.T.);
#2678=EDGE_CURVE('',#1650,#1644,#627,.T.);
#2680=EDGE_CURVE('',#1644,#1638,#631,.T.);
#2682=EDGE_CURVE('',#1638,#1632,#635,.T.);
#2684=EDGE_CURVE('',#1632,#1626,#639,.T.);
#2686=EDGE_CURVE('',#1626,#1620,#644,.T.);
#2692=ADVANCED_FACE('',(#2691),#2672,.T.);
#2699=EDGE_CURVE('',#1654,#1656,#660,.T.);
#2705=ADVANCED_FACE('',(#2704),#2697,.T.);
#2712=EDGE_CURVE('',#1650,#1648,#672,.T.);
#2718=ADVANCED_FACE('',(#2717),#2710,.T.);
#2725=EDGE_CURVE('',#1642,#1644,#668,.T.);
#2731=ADVANCED_FACE('',(#2730),#2723,.F.);
#2738=EDGE_CURVE('',#1638,#1636,#684,.T.);
#2744=ADVANCED_FACE('',(#2743),#2736,.T.);
#2751=EDGE_CURVE('',#1632,#1630,#692,.T.);
#2757=ADVANCED_FACE('',(#2756),#2749,.T.);
#2764=EDGE_CURVE('',#1626,#1624,#700,.T.);
#2770=ADVANCED_FACE('',(#2769),#2762,.T.);
#2782=ADVANCED_FACE('',(#2781),#2775,.T.);
#2788=EDGE_CURVE('',#1584,#1604,#722,.T.);
#2791=EDGE_CURVE('',#1652,#1585,#819,.T.);
#2793=EDGE_CURVE('',#1652,#1604,#708,.T.);
#2797=ADVANCED_FACE('',(#2796),#2787,.T.);
#2803=EDGE_CURVE('',#1602,#1595,#712,.T.);
#2805=EDGE_CURVE('',#1595,#1587,#717,.T.);
#2809=EDGE_CURVE('',#1604,#1606,#726,.T.);
#2811=EDGE_CURVE('',#1606,#1608,#731,.T.);
#2813=EDGE_CURVE('',#1608,#1610,#735,.T.);
#2815=EDGE_CURVE('',#1610,#1612,#739,.T.);
#2817=EDGE_CURVE('',#1612,#1614,#743,.T.);
#2819=EDGE_CURVE('',#1614,#1602,#748,.T.);
#2823=ADVANCED_FACE('',(#2822),#2802,.F.);
#2830=EDGE_CURVE('',#1616,#1602,#756,.T.);
#2832=EDGE_CURVE('',#1597,#1616,#800,.T.);
#2834=EDGE_CURVE('',#1595,#1597,#823,.T.);
#2838=ADVANCED_FACE('',(#2837),#2828,.T.);
#2845=EDGE_CURVE('',#1614,#1622,#752,.T.);
#2847=EDGE_CURVE('',#1616,#1622,#805,.T.);
#2852=ADVANCED_FACE('',(#2851),#2843,.T.);
#2859=EDGE_CURVE('',#1612,#1628,#760,.T.);
#2861=EDGE_CURVE('',#1628,#1622,#764,.T.);
#2866=ADVANCED_FACE('',(#2865),#2857,.T.);
#2873=EDGE_CURVE('',#1610,#1634,#768,.T.);
#2875=EDGE_CURVE('',#1634,#1628,#772,.T.);
#2880=ADVANCED_FACE('',(#2879),#2871,.T.);
#2887=EDGE_CURVE('',#1640,#1608,#784,.T.);
#2889=EDGE_CURVE('',#1640,#1634,#776,.T.);
#2894=ADVANCED_FACE('',(#2893),#2885,.T.);
#2901=EDGE_CURVE('',#1606,#1646,#780,.T.);
#2903=EDGE_CURVE('',#1640,#1646,#810,.T.);
#2908=ADVANCED_FACE('',(#2907),#2899,.F.);
#2916=EDGE_CURVE('',#1646,#1652,#814,.T.);
#2921=ADVANCED_FACE('',(#2920),#2913,.T.);
#2928=EDGE_CURVE('',#1589,#1597,#796,.T.);
#2940=ADVANCED_FACE('',(#2939),#2926,.F.);
#2952=ADVANCED_FACE('',(#2951),#2945,.F.);
#2959=EDGE_CURVE('',#1515,#1508,#843,.T.);
#2961=EDGE_CURVE('',#1515,#1517,#831,.T.);
#2963=EDGE_CURVE('',#1517,#1509,#835,.T.);
#2967=ADVANCED_FACE('',(#2966),#2957,.F.);
#2974=EDGE_CURVE('',#1519,#1513,#851,.T.);
#2976=EDGE_CURVE('',#1519,#1515,#839,.T.);
#2981=ADVANCED_FACE('',(#2980),#2972,.F.);
#2988=EDGE_CURVE('',#1521,#1511,#859,.T.);
#2990=EDGE_CURVE('',#1521,#1519,#847,.T.);
#2995=ADVANCED_FACE('',(#2994),#2986,.F.);
#3003=EDGE_CURVE('',#1517,#1521,#855,.T.);
#3008=ADVANCED_FACE('',(#3007),#3000,.F.);
#3014=EDGE_CURVE('',#1524,#1525,#863,.T.);
#3016=EDGE_CURVE('',#1525,#1527,#867,.T.);
#3018=EDGE_CURVE('',#1527,#1529,#871,.T.);
#3020=EDGE_CURVE('',#1531,#1529,#1067,.T.);
#3022=EDGE_CURVE('',#1531,#1533,#876,.T.);
#3024=EDGE_CURVE('',#1535,#1533,#1055,.T.);
#3026=EDGE_CURVE('',#1535,#1537,#880,.T.);
#3028=EDGE_CURVE('',#1537,#1539,#884,.T.);
#3030=EDGE_CURVE('',#1539,#1541,#888,.T.);
#3032=EDGE_CURVE('',#1543,#1541,#1027,.T.);
#3034=EDGE_CURVE('',#1543,#1545,#893,.T.);
#3036=EDGE_CURVE('',#1547,#1545,#1015,.T.);
#3038=EDGE_CURVE('',#1547,#1549,#897,.T.);
#3040=EDGE_CURVE('',#1549,#1551,#901,.T.);
#3042=EDGE_CURVE('',#1551,#1553,#905,.T.);
#3044=EDGE_CURVE('',#1555,#1553,#987,.T.);
#3046=EDGE_CURVE('',#1555,#1557,#910,.T.);
#3048=EDGE_CURVE('',#1559,#1557,#975,.T.);
#3050=EDGE_CURVE('',#1559,#1561,#914,.T.);
#3052=EDGE_CURVE('',#1561,#1563,#918,.T.);
#3054=EDGE_CURVE('',#1563,#1565,#922,.T.);
#3056=EDGE_CURVE('',#1488,#1565,#947,.T.);
#3058=EDGE_CURVE('',#1488,#1489,#927,.T.);
#3060=EDGE_CURVE('',#1524,#1489,#935,.T.);
#3070=ADVANCED_FACE('',(#3063,#3069),#3013,.F.);
#3077=EDGE_CURVE('',#1524,#1567,#931,.T.);
#3079=EDGE_CURVE('',#1569,#1567,#1151,.T.);
#3081=EDGE_CURVE('',#1525,#1569,#1083,.T.);
#3085=ADVANCED_FACE('',(#3084),#3075,.F.);
#3092=EDGE_CURVE('',#1493,#1489,#943,.T.);
#3094=EDGE_CURVE('',#1567,#1493,#1155,.T.);
#3099=ADVANCED_FACE('',(#3098),#3090,.T.);
#3106=EDGE_CURVE('',#1488,#1491,#939,.T.);
#3108=EDGE_CURVE('',#1493,#1491,#1092,.T.);
#3113=ADVANCED_FACE('',(#3112),#3104,.T.);
#3120=EDGE_CURVE('',#1565,#1756,#951,.T.);
#3122=EDGE_CURVE('',#1491,#1756,#1096,.T.);
#3127=ADVANCED_FACE('',(#3126),#3118,.T.);
#3134=EDGE_CURVE('',#1563,#1778,#955,.T.);
#3136=EDGE_CURVE('',#1778,#1756,#959,.T.);
#3141=ADVANCED_FACE('',(#3140),#3132,.F.);
#3148=EDGE_CURVE('',#1561,#1780,#963,.T.);
#3150=EDGE_CURVE('',#1780,#1778,#967,.T.);
#3155=ADVANCED_FACE('',(#3154),#3146,.F.);
#3162=EDGE_CURVE('',#1559,#1754,#971,.T.);
#3164=EDGE_CURVE('',#1780,#1754,#1100,.T.);
#3169=ADVANCED_FACE('',(#3168),#3160,.F.);
#3176=EDGE_CURVE('',#1748,#1557,#983,.T.);
#3178=EDGE_CURVE('',#1754,#1748,#1104,.T.);
#3183=ADVANCED_FACE('',(#3182),#3174,.T.);
#3190=EDGE_CURVE('',#1555,#1700,#979,.T.);
#3192=EDGE_CURVE('',#1748,#1700,#1109,.T.);
#3197=ADVANCED_FACE('',(#3196),#3188,.T.);
#3204=EDGE_CURVE('',#1553,#1698,#991,.T.);
#3206=EDGE_CURVE('',#1700,#1698,#1113,.T.);
#3211=ADVANCED_FACE('',(#3210),#3202,.T.);
#3218=EDGE_CURVE('',#1551,#1782,#995,.T.);
#3220=EDGE_CURVE('',#1782,#1698,#999,.T.);
#3225=ADVANCED_FACE('',(#3224),#3216,.F.);
#3232=EDGE_CURVE('',#1549,#1784,#1003,.T.);
#3234=EDGE_CURVE('',#1784,#1782,#1007,.T.);
#3239=ADVANCED_FACE('',(#3238),#3230,.F.);
#3246=EDGE_CURVE('',#1547,#1696,#1011,.T.);
#3248=EDGE_CURVE('',#1784,#1696,#1117,.T.);
#3253=ADVANCED_FACE('',(#3252),#3244,.F.);
#3260=EDGE_CURVE('',#1694,#1545,#1023,.T.);
#3262=EDGE_CURVE('',#1696,#1694,#1121,.T.);
#3267=ADVANCED_FACE('',(#3266),#3258,.T.);
#3274=EDGE_CURVE('',#1543,#1776,#1019,.T.);
#3276=EDGE_CURVE('',#1694,#1776,#1126,.T.);
#3281=ADVANCED_FACE('',(#3280),#3272,.T.);
#3288=EDGE_CURVE('',#1541,#1774,#1031,.T.);
#3290=EDGE_CURVE('',#1776,#1774,#1130,.T.);
#3295=ADVANCED_FACE('',(#3294),#3286,.T.);
#3302=EDGE_CURVE('',#1539,#1786,#1035,.T.);
#3304=EDGE_CURVE('',#1786,#1774,#1039,.T.);
#3309=ADVANCED_FACE('',(#3308),#3300,.F.);
#3316=EDGE_CURVE('',#1537,#1788,#1043,.T.);
#3318=EDGE_CURVE('',#1788,#1786,#1047,.T.);
#3323=ADVANCED_FACE('',(#3322),#3314,.F.);
#3330=EDGE_CURVE('',#1535,#1772,#1051,.T.);
#3332=EDGE_CURVE('',#1788,#1772,#1134,.T.);
#3337=ADVANCED_FACE('',(#3336),#3328,.F.);
#3344=EDGE_CURVE('',#1770,#1533,#1063,.T.);
#3346=EDGE_CURVE('',#1772,#1770,#1138,.T.);
#3351=ADVANCED_FACE('',(#3350),#3342,.T.);
#3358=EDGE_CURVE('',#1531,#1593,#1059,.T.);
#3360=EDGE_CURVE('',#1770,#1593,#1143,.T.);
#3365=ADVANCED_FACE('',(#3364),#3356,.T.);
#3372=EDGE_CURVE('',#1529,#1591,#1071,.T.);
#3374=EDGE_CURVE('',#1593,#1591,#1147,.T.);
#3379=ADVANCED_FACE('',(#3378),#3370,.T.);
#3386=EDGE_CURVE('',#1527,#1790,#1075,.T.);
#3388=EDGE_CURVE('',#1790,#1591,#1079,.T.);
#3393=ADVANCED_FACE('',(#3392),#3384,.F.);
#3401=EDGE_CURVE('',#1569,#1790,#1087,.T.);
#3406=ADVANCED_FACE('',(#3405),#3398,.F.);
#3438=EDGE_CURVE('',#1793,#1794,#1160,.T.);
#3440=EDGE_CURVE('',#1794,#1793,#1165,.T.);
#3444=EDGE_CURVE('',#1797,#1798,#1170,.T.);
#3446=EDGE_CURVE('',#1798,#1797,#1175,.T.);
#3450=EDGE_CURVE('',#1801,#1802,#1180,.T.);
#3452=EDGE_CURVE('',#1802,#1801,#1185,.T.);
#3456=EDGE_CURVE('',#1805,#1806,#1190,.T.);
#3458=EDGE_CURVE('',#1806,#1805,#1195,.T.);
#3462=EDGE_CURVE('',#1809,#1810,#1200,.T.);
#3464=EDGE_CURVE('',#1810,#1809,#1205,.T.);
#3468=ADVANCED_FACE('',(#3437,#3443,#3449,#3455,#3461,#3467),#3411,.T.);
#3474=EDGE_CURVE('',#1840,#1842,#1214,.T.);
#3476=EDGE_CURVE('',#1840,#1794,#1209,.T.);
#3479=EDGE_CURVE('',#1842,#1793,#1243,.T.);
#3483=ADVANCED_FACE('',(#3482),#3473,.T.);
#3513=EDGE_CURVE('',#1829,#1830,#1224,.T.);
#3515=EDGE_CURVE('',#1840,#1829,#1239,.T.);
#3518=EDGE_CURVE('',#1842,#1830,#1219,.T.);
#3522=ADVANCED_FACE('',(#3521),#3512,.T.);
#3529=EDGE_CURVE('',#1830,#1829,#1229,.T.);
#3533=ADVANCED_FACE('',(#3532),#3527,.T.);
#3565=EDGE_CURVE('',#1842,#1840,#1234,.T.);
#3570=ADVANCED_FACE('',(#3569),#3562,.T.);
#3582=ADVANCED_FACE('',(#3581),#3575,.T.);
#3588=EDGE_CURVE('',#1836,#1838,#1252,.T.);
#3590=EDGE_CURVE('',#1836,#1798,#1247,.T.);
#3593=EDGE_CURVE('',#1838,#1797,#1281,.T.);
#3597=ADVANCED_FACE('',(#3596),#3587,.T.);
#3627=EDGE_CURVE('',#1825,#1826,#1262,.T.);
#3629=EDGE_CURVE('',#1836,#1825,#1277,.T.);
#3632=EDGE_CURVE('',#1838,#1826,#1257,.T.);
#3636=ADVANCED_FACE('',(#3635),#3626,.T.);
#3643=EDGE_CURVE('',#1826,#1825,#1267,.T.);
#3647=ADVANCED_FACE('',(#3646),#3641,.T.);
#3679=EDGE_CURVE('',#1838,#1836,#1272,.T.);
#3684=ADVANCED_FACE('',(#3683),#3676,.T.);
#3696=ADVANCED_FACE('',(#3695),#3689,.T.);
#3702=EDGE_CURVE('',#1832,#1834,#1290,.T.);
#3704=EDGE_CURVE('',#1832,#1802,#1285,.T.);
#3707=EDGE_CURVE('',#1834,#1801,#1319,.T.);
#3711=ADVANCED_FACE('',(#3710),#3701,.T.);
#3741=EDGE_CURVE('',#1821,#1822,#1300,.T.);
#3743=EDGE_CURVE('',#1832,#1821,#1315,.T.);
#3746=EDGE_CURVE('',#1834,#1822,#1295,.T.);
#3750=ADVANCED_FACE('',(#3749),#3740,.T.);
#3757=EDGE_CURVE('',#1822,#1821,#1305,.T.);
#3761=ADVANCED_FACE('',(#3760),#3755,.T.);
#3793=EDGE_CURVE('',#1834,#1832,#1310,.T.);
#3798=ADVANCED_FACE('',(#3797),#3790,.T.);
#3810=ADVANCED_FACE('',(#3809),#3803,.T.);
#3817=EDGE_CURVE('',#1844,#1805,#1327,.T.);
#3819=EDGE_CURVE('',#1846,#1844,#1332,.T.);
#3821=EDGE_CURVE('',#1846,#1806,#1323,.T.);
#3825=ADVANCED_FACE('',(#3824),#3815,.F.);
#3833=EDGE_CURVE('',#1844,#1846,#1337,.T.);
#3838=ADVANCED_FACE('',(#3837),#3830,.F.);
#3848=EDGE_CURVE('',#1852,#1855,#1356,.T.);
#3850=EDGE_CURVE('',#1855,#1852,#1399,.T.);
#3854=ADVANCED_FACE('',(#3847,#3853),#3843,.T.);
#3860=EDGE_CURVE('',#1866,#1865,#1342,.T.);
#3862=EDGE_CURVE('',#1865,#1849,#1346,.T.);
#3864=EDGE_CURVE('',#1849,#1850,#1351,.T.);
#3866=EDGE_CURVE('',#1852,#1850,#1403,.T.);
#3869=EDGE_CURVE('',#1855,#1856,#1360,.T.);
#3871=EDGE_CURVE('',#1858,#1856,#1394,.T.);
#3873=EDGE_CURVE('',#1858,#1866,#1364,.T.);
#3877=ADVANCED_FACE('',(#3876),#3859,.T.);
#3883=EDGE_CURVE('',#1862,#1861,#1379,.T.);
#3885=EDGE_CURVE('',#1861,#1865,#1384,.T.);
#3888=EDGE_CURVE('',#1862,#1866,#1369,.T.);
#3892=ADVANCED_FACE('',(#3891),#3882,.T.);
#3898=EDGE_CURVE('',#1861,#1862,#1374,.T.);
#3903=ADVANCED_FACE('',(#3902),#3897,.T.);
#3911=EDGE_CURVE('',#1865,#1866,#1389,.T.);
#3916=ADVANCED_FACE('',(#3915),#3908,.T.);
#3932=ADVANCED_FACE('',(#3931),#3921,.T.);
#3938=EDGE_CURVE('',#1813,#1814,#1412,.T.);
#3940=EDGE_CURVE('',#1813,#1810,#1407,.T.);
#3943=EDGE_CURVE('',#1814,#1809,#1441,.T.);
#3947=ADVANCED_FACE('',(#3946),#3937,.T.);
#3977=EDGE_CURVE('',#1817,#1818,#1422,.T.);
#3979=EDGE_CURVE('',#1813,#1817,#1437,.T.);
#3982=EDGE_CURVE('',#1814,#1818,#1417,.T.);
#3986=ADVANCED_FACE('',(#3985),#3976,.T.);
#3993=EDGE_CURVE('',#1818,#1817,#1427,.T.);
#3997=ADVANCED_FACE('',(#3996),#3991,.T.);
#4029=EDGE_CURVE('',#1814,#1813,#1432,.T.);
#4034=ADVANCED_FACE('',(#4033),#4026,.T.);
#4046=ADVANCED_FACE('',(#4045),#4039,.T.);
#4068=TRIMMED_CURVE('Z',#4067,(PARAMETER_VALUE(0.E0)),(PARAMETER_VALUE(1.E0)),
.T.,.UNSPECIFIED.);
#4076=TRIMMED_CURVE('X',#4075,(PARAMETER_VALUE(0.E0)),(PARAMETER_VALUE(1.E0)),
.T.,.UNSPECIFIED.);
#4084=TRIMMED_CURVE('Y',#4083,(PARAMETER_VALUE(0.E0)),(PARAMETER_VALUE(1.E0)),
.T.,.UNSPECIFIED.);
#4092=TRIMMED_CURVE('A_2',#4091,(PARAMETER_VALUE(0.E0)),(PARAMETER_VALUE(1.E0)),
.T.,.UNSPECIFIED.);
#4100=TRIMMED_CURVE('A_3',#4099,(PARAMETER_VALUE(0.E0)),(PARAMETER_VALUE(1.E0)),
.T.,.UNSPECIFIED.);
#4108=TRIMMED_CURVE('A_4',#4107,(PARAMETER_VALUE(0.E0)),(PARAMETER_VALUE(1.E0)),
.T.,.UNSPECIFIED.);
#4116=TRIMMED_CURVE('A_5',#4115,(PARAMETER_VALUE(0.E0)),(PARAMETER_VALUE(1.E0)),
.T.,.UNSPECIFIED.);
#4145=(LENGTH_UNIT()NAMED_UNIT(*)SI_UNIT(.MILLI.,.METRE.));
#4146=(NAMED_UNIT(*)PLANE_ANGLE_UNIT()SI_UNIT($,.RADIAN.));
#4149=(NAMED_UNIT(*)SI_UNIT($,.STERADIAN.)SOLID_ANGLE_UNIT());
#4151=(GEOMETRIC_REPRESENTATION_CONTEXT(3)GLOBAL_UNCERTAINTY_ASSIGNED_CONTEXT((
#4150))GLOBAL_UNIT_ASSIGNED_CONTEXT((#4145,#4148,#4149))REPRESENTATION_CONTEXT(
'ID1','3'));
#4152=ADVANCED_BREP_SHAPE_REPRESENTATION('',(#4048),#4151);
#4153=CONSTRUCTIVE_GEOMETRY_REPRESENTATION('supplemental geometry',(#4052,#4060,
#4068,#4076,#4084,#4092,#4100,#4108,#4116,#4124,#4129,#4134,#4139),#4151);
#4157=AXIS2_PLACEMENT_3D('',#4154,#4155,#4156);
#4158=SHAPE_REPRESENTATION('',(#4157),#4151);
#4168=PRODUCT_DEFINITION('part definition','',#4167,#4164);
#4169=PRODUCT_DEFINITION_SHAPE('','SHAPE FOR PTS647SX38SMTR2_LFS_B.',#4168);
#4170=SHAPE_ASPECT('','solid data associated with PTS647SX38SMTR2_LFS_B',#4169,
.F.);
#4171=PROPERTY_DEFINITION('',
'shape for solid data with which properties are associated',#4170);
#4172=SHAPE_REPRESENTATION('',(#4048),#4151);
#4173=SHAPE_DEFINITION_REPRESENTATION(#4171,#4172);
#4174=(LENGTH_UNIT()NAMED_UNIT(*)SI_UNIT(.MILLI.,.METRE.));
#4178=PROPERTY_DEFINITION('geometric validation property',
'area of PTS647SX38SMTR2_LFS_B',#4170);
#4179=REPRESENTATION('surface area',(#4177),#4151);
#4180=PROPERTY_DEFINITION_REPRESENTATION(#4178,#4179);
#4181=(LENGTH_UNIT()NAMED_UNIT(*)SI_UNIT(.MILLI.,.METRE.));
#4185=PROPERTY_DEFINITION('geometric validation property',
'volume of PTS647SX38SMTR2_LFS_B',#4170);
#4186=REPRESENTATION('volume',(#4184),#4151);
#4187=PROPERTY_DEFINITION_REPRESENTATION(#4185,#4186);
#4189=PROPERTY_DEFINITION('geometric validation property',
'centroid of PTS647SX38SMTR2_LFS_B',#4170);
#4190=REPRESENTATION('centroid',(#4188),#4151);
#4191=PROPERTY_DEFINITION_REPRESENTATION(#4189,#4190);
#4192=(LENGTH_UNIT()NAMED_UNIT(*)SI_UNIT(.MILLI.,.METRE.));
#4196=PROPERTY_DEFINITION('geometric validation property',
'area of PTS647SX38SMTR2_LFS_B',#4169);
#4197=REPRESENTATION('surface area',(#4195),#4151);
#4198=PROPERTY_DEFINITION_REPRESENTATION(#4196,#4197);
#4199=(LENGTH_UNIT()NAMED_UNIT(*)SI_UNIT(.MILLI.,.METRE.));
#4203=PROPERTY_DEFINITION('geometric validation property',
'volume of PTS647SX38SMTR2_LFS_B',#4169);
#4204=REPRESENTATION('volume',(#4202),#4151);
#4205=PROPERTY_DEFINITION_REPRESENTATION(#4203,#4204);
#4207=PROPERTY_DEFINITION('geometric validation property',
'centroid of PTS647SX38SMTR2_LFS_B',#4169);
#4208=REPRESENTATION('centroid',(#4206),#4151);
#4209=PROPERTY_DEFINITION_REPRESENTATION(#4207,#4208);
#4210=SHAPE_DEFINITION_REPRESENTATION(#4169,#4158);
#4220=PLANAR_BOX('',1.425343647826E1,1.202633702853E1,#4219);
#4227=CAMERA_USAGE(#4226,#4213);
#4232=PLANAR_BOX('',1.25E3,1.0546875E3,#4231);
#4252=PRESENTATION_AREA('',(#4251,#4256),#4212);
#4260=PROPERTY_DEFINITION('PTC_VAL_IMP_PART_STATUS','user defined attribute',
#4168);
#4264=REPRESENTATION('',(#4263),#4151);
#4265=PROPERTY_DEFINITION_REPRESENTATION(#4260,#4264);
#4266=PROPERTY_DEFINITION('ANALYSE','user defined attribute',#4168);
#4270=REPRESENTATION('',(#4269),#4151);
#4271=PROPERTY_DEFINITION_REPRESENTATION(#4266,#4270);
#4272=PROPERTY_DEFINITION('APNOM','user defined attribute',#4168);
#4276=REPRESENTATION('',(#4275),#4151);
#4277=PROPERTY_DEFINITION_REPRESENTATION(#4272,#4276);
#4278=PROPERTY_DEFINITION('CHEF_PROJET','user defined attribute',#4168);
#4282=REPRESENTATION('',(#4281),#4151);
#4283=PROPERTY_DEFINITION_REPRESENTATION(#4278,#4282);
#4284=PROPERTY_DEFINITION('CLIENT','user defined attribute',#4168);
#4288=REPRESENTATION('',(#4287),#4151);
#4289=PROPERTY_DEFINITION_REPRESENTATION(#4284,#4288);
#4290=PROPERTY_DEFINITION('COMMERCIAL','user defined attribute',#4168);
#4294=REPRESENTATION('',(#4293),#4151);
#4295=PROPERTY_DEFINITION_REPRESENTATION(#4290,#4294);
#4296=PROPERTY_DEFINITION('DATE','user defined attribute',#4168);
#4300=REPRESENTATION('',(#4299),#4151);
#4301=PROPERTY_DEFINITION_REPRESENTATION(#4296,#4300);
#4302=PROPERTY_DEFINITION('DATEAP','user defined attribute',#4168);
#4306=REPRESENTATION('',(#4305),#4151);
#4307=PROPERTY_DEFINITION_REPRESENTATION(#4302,#4306);
#4308=PROPERTY_DEFINITION('DATEDP','user defined attribute',#4168);
#4312=REPRESENTATION('',(#4311),#4151);
#4313=PROPERTY_DEFINITION_REPRESENTATION(#4308,#4312);
#4314=PROPERTY_DEFINITION('DATEVP','user defined attribute',#4168);
#4318=REPRESENTATION('',(#4317),#4151);
#4319=PROPERTY_DEFINITION_REPRESENTATION(#4314,#4318);
#4320=PROPERTY_DEFINITION('TYPE_DEBIT','user defined attribute',#4168);
#4324=REPRESENTATION('',(#4323),#4151);
#4325=PROPERTY_DEFINITION_REPRESENTATION(#4320,#4324);
#4326=PROPERTY_DEFINITION('DEBIT','user defined attribute',#4168);
#4330=REPRESENTATION('',(#4329),#4151);
#4331=PROPERTY_DEFINITION_REPRESENTATION(#4326,#4330);
#4332=PROPERTY_DEFINITION('DES_POSTE','user defined attribute',#4168);
#4336=REPRESENTATION('',(#4335),#4151);
#4337=PROPERTY_DEFINITION_REPRESENTATION(#4332,#4336);
#4338=PROPERTY_DEFINITION('DESIGNATION','user defined attribute',#4168);
#4342=REPRESENTATION('',(#4341),#4151);
#4343=PROPERTY_DEFINITION_REPRESENTATION(#4338,#4342);
#4344=PROPERTY_DEFINITION('DESIGNATION_OUTIL','user defined attribute',#4168);
#4348=REPRESENTATION('',(#4347),#4151);
#4349=PROPERTY_DEFINITION_REPRESENTATION(#4344,#4348);
#4350=PROPERTY_DEFINITION('DIAMETRE','user defined attribute',#4168);
#4354=REPRESENTATION('',(#4353),#4151);
#4355=PROPERTY_DEFINITION_REPRESENTATION(#4350,#4354);
#4356=PROPERTY_DEFINITION('DIM1','user defined attribute',#4168);
#4360=REPRESENTATION('',(#4359),#4151);
#4361=PROPERTY_DEFINITION_REPRESENTATION(#4356,#4360);
#4362=PROPERTY_DEFINITION('DIM2','user defined attribute',#4168);
#4366=REPRESENTATION('',(#4365),#4151);
#4367=PROPERTY_DEFINITION_REPRESENTATION(#4362,#4366);
#4368=PROPERTY_DEFINITION('DIM3','user defined attribute',#4168);
#4372=REPRESENTATION('',(#4371),#4151);
#4373=PROPERTY_DEFINITION_REPRESENTATION(#4368,#4372);
#4374=PROPERTY_DEFINITION('DPNOM','user defined attribute',#4168);
#4378=REPRESENTATION('',(#4377),#4151);
#4379=PROPERTY_DEFINITION_REPRESENTATION(#4374,#4378);
#4380=PROPERTY_DEFINITION('ESURF','user defined attribute',#4168);
#4384=REPRESENTATION('',(#4383),#4151);
#4385=PROPERTY_DEFINITION_REPRESENTATION(#4380,#4384);
#4386=PROPERTY_DEFINITION('FOURNISSEUR','user defined attribute',#4168);
#4390=REPRESENTATION('',(#4389),#4151);
#4391=PROPERTY_DEFINITION_REPRESENTATION(#4386,#4390);
#4392=PROPERTY_DEFINITION('JEUDECOUPE','user defined attribute',#4168);
#4396=REPRESENTATION('',(#4395),#4151);
#4397=PROPERTY_DEFINITION_REPRESENTATION(#4392,#4396);
#4398=PROPERTY_DEFINITION('LONGUEUR','user defined attribute',#4168);
#4402=REPRESENTATION('',(#4401),#4151);
#4403=PROPERTY_DEFINITION_REPRESENTATION(#4398,#4402);
#4404=PROPERTY_DEFINITION('MATIERE','user defined attribute',#4168);
#4408=REPRESENTATION('',(#4407),#4151);
#4409=PROPERTY_DEFINITION_REPRESENTATION(#4404,#4408);
#4410=PROPERTY_DEFINITION('MATPIECE','user defined attribute',#4168);
#4414=REPRESENTATION('',(#4413),#4151);
#4415=PROPERTY_DEFINITION_REPRESENTATION(#4410,#4414);
#4416=PROPERTY_DEFINITION('MECA','user defined attribute',#4168);
#4420=REPRESENTATION('',(#4419),#4151);
#4421=PROPERTY_DEFINITION_REPRESENTATION(#4416,#4420);
#4422=PROPERTY_DEFINITION('NOMPIECE','user defined attribute',#4168);
#4426=REPRESENTATION('',(#4425),#4151);
#4427=PROPERTY_DEFINITION_REPRESENTATION(#4422,#4426);
#4428=PROPERTY_DEFINITION('NUMERO','user defined attribute',#4168);
#4432=REPRESENTATION('',(#4431),#4151);
#4433=PROPERTY_DEFINITION_REPRESENTATION(#4428,#4432);
#4434=PROPERTY_DEFINITION('NUMERO_OUTIL','user defined attribute',#4168);
#4438=REPRESENTATION('',(#4437),#4151);
#4439=PROPERTY_DEFINITION_REPRESENTATION(#4434,#4438);
#4440=PROPERTY_DEFINITION('NUMPIECE','user defined attribute',#4168);
#4444=REPRESENTATION('',(#4443),#4151);
#4445=PROPERTY_DEFINITION_REPRESENTATION(#4440,#4444);
#4446=PROPERTY_DEFINITION('PLCUST','user defined attribute',#4168);
#4450=REPRESENTATION('',(#4449),#4151);
#4451=PROPERTY_DEFINITION_REPRESENTATION(#4446,#4450);
#4452=PROPERTY_DEFINITION('POSITION_NOMENCL','user defined attribute',#4168);
#4456=REPRESENTATION('',(#4455),#4151);
#4457=PROPERTY_DEFINITION_REPRESENTATION(#4452,#4456);
#4459=REPRESENTATION('',(#4458),#4151);
#4460=PROPERTY_DEFINITION('attribute type designation','Integer',#4453);
#4461=PROPERTY_DEFINITION_REPRESENTATION(#4460,#4459);
#4462=PROPERTY_DEFINITION('PRESSE','user defined attribute',#4168);
#4466=REPRESENTATION('',(#4465),#4151);
#4467=PROPERTY_DEFINITION_REPRESENTATION(#4462,#4466);
#4468=PROPERTY_DEFINITION('PROJET','user defined attribute',#4168);
#4472=REPRESENTATION('',(#4471),#4151);
#4473=PROPERTY_DEFINITION_REPRESENTATION(#4468,#4472);
#4474=PROPERTY_DEFINITION('PROTECTION','user defined attribute',#4168);
#4478=REPRESENTATION('',(#4477),#4151);
#4479=PROPERTY_DEFINITION_REPRESENTATION(#4474,#4478);
#4480=PROPERTY_DEFINITION('QUANTITE','user defined attribute',#4168);
#4484=REPRESENTATION('',(#4483),#4151);
#4485=PROPERTY_DEFINITION_REPRESENTATION(#4480,#4484);
#4486=PROPERTY_DEFINITION('REPERE','user defined attribute',#4168);
#4490=REPRESENTATION('',(#4489),#4151);
#4491=PROPERTY_DEFINITION_REPRESENTATION(#4486,#4490);
#4492=PROPERTY_DEFINITION('RETRAIT','user defined attribute',#4168);
#4496=REPRESENTATION('',(#4495),#4151);
#4497=PROPERTY_DEFINITION_REPRESENTATION(#4492,#4496);
#4498=PROPERTY_DEFINITION('REVPIECE','user defined attribute',#4168);
#4502=REPRESENTATION('',(#4501),#4151);
#4503=PROPERTY_DEFINITION_REPRESENTATION(#4498,#4502);
#4504=PROPERTY_DEFINITION('REVREMP','user defined attribute',#4168);
#4508=REPRESENTATION('',(#4507),#4151);
#4509=PROPERTY_DEFINITION_REPRESENTATION(#4504,#4508);
#4510=PROPERTY_DEFINITION('TBF','user defined attribute',#4168);
#4514=REPRESENTATION('',(#4513),#4151);
#4515=PROPERTY_DEFINITION_REPRESENTATION(#4510,#4514);
#4516=PROPERTY_DEFINITION('TOLANG','user defined attribute',#4168);
#4520=REPRESENTATION('',(#4519),#4151);
#4521=PROPERTY_DEFINITION_REPRESENTATION(#4516,#4520);
#4522=PROPERTY_DEFINITION('TOLLIN','user defined attribute',#4168);
#4526=REPRESENTATION('',(#4525),#4151);
#4527=PROPERTY_DEFINITION_REPRESENTATION(#4522,#4526);
#4528=PROPERTY_DEFINITION('TRAITEMENT','user defined attribute',#4168);
#4532=REPRESENTATION('',(#4531),#4151);
#4533=PROPERTY_DEFINITION_REPRESENTATION(#4528,#4532);
#4534=PROPERTY_DEFINITION('VPNOM','user defined attribute',#4168);
#4538=REPRESENTATION('',(#4537),#4151);
#4539=PROPERTY_DEFINITION_REPRESENTATION(#4534,#4538);
#4540=PROPERTY_DEFINITION('INDICE','user defined attribute',#4168);
#4544=REPRESENTATION('',(#4543),#4151);
#4545=PROPERTY_DEFINITION_REPRESENTATION(#4540,#4544);
#4546=PROPERTY_DEFINITION('PHASE','user defined attribute',#4168);
#4550=REPRESENTATION('',(#4549),#4151);
#4551=PROPERTY_DEFINITION_REPRESENTATION(#4546,#4550);
#4552=PROPERTY_DEFINITION('FOLDER','user defined attribute',#4168);
#4556=REPRESENTATION('',(#4555),#4151);
#4557=PROPERTY_DEFINITION_REPRESENTATION(#4552,#4556);
#4558=PROPERTY_DEFINITION('REVISION','user defined attribute',#4168);
#4562=REPRESENTATION('',(#4561),#4151);
#4563=PROPERTY_DEFINITION_REPRESENTATION(#4558,#4562);
#4564=PROPERTY_DEFINITION('MATERIAL','user defined attribute',#4168);
#4568=REPRESENTATION('',(#4567),#4151);
#4569=PROPERTY_DEFINITION_REPRESENTATION(#4564,#4568);
#4570=PROPERTY_DEFINITION('DENSITY','user defined attribute',#4168);
#4574=REPRESENTATION('',(#4573),#4151);
#4575=PROPERTY_DEFINITION_REPRESENTATION(#4570,#4574);
#4576=PROPERTY_DEFINITION('MASS','user defined attribute',#4168);
#4580=REPRESENTATION('',(#4579),#4151);
#4581=PROPERTY_DEFINITION_REPRESENTATION(#4576,#4580);
#4582=PROPERTY_DEFINITION('VOLUME','user defined attribute',#4168);
#4586=REPRESENTATION('',(#4585),#4151);
#4587=PROPERTY_DEFINITION_REPRESENTATION(#4582,#4586);
#4588=PROPERTY_DEFINITION('FILE_TYPE','user defined attribute',#4168);
#4592=REPRESENTATION('',(#4591),#4151);
#4593=PROPERTY_DEFINITION_REPRESENTATION(#4588,#4592);
#4594=PROPERTY_DEFINITION('FOLDER_M','user defined attribute',#4168);
#4598=REPRESENTATION('',(#4597),#4151);
#4599=PROPERTY_DEFINITION_REPRESENTATION(#4594,#4598);
#4600=PROPERTY_DEFINITION('NUMERO_AUTO','user defined attribute',#4168);
#4604=REPRESENTATION('',(#4603),#4151);
#4605=PROPERTY_DEFINITION_REPRESENTATION(#4600,#4604);
#4606=PROPERTY_DEFINITION('DESIGNATION_1','user defined attribute',#4168);
#4610=REPRESENTATION('',(#4609),#4151);
#4611=PROPERTY_DEFINITION_REPRESENTATION(#4606,#4610);
#4612=PROPERTY_DEFINITION('DESIGNATION_2','user defined attribute',#4168);
#4616=REPRESENTATION('',(#4615),#4151);
#4617=PROPERTY_DEFINITION_REPRESENTATION(#4612,#4616);
#4618=PROPERTY_DEFINITION('DESIGNATION_3','user defined attribute',#4168);
#4622=REPRESENTATION('',(#4621),#4151);
#4623=PROPERTY_DEFINITION_REPRESENTATION(#4618,#4622);
#4624=PROPERTY_DEFINITION('FEUILLET','user defined attribute',#4168);
#4628=REPRESENTATION('',(#4627),#4151);
#4629=PROPERTY_DEFINITION_REPRESENTATION(#4624,#4628);
#4630=PROPERTY_DEFINITION('DIMCRIT','user defined attribute',#4168);
#4634=REPRESENTATION('',(#4633),#4151);
#4635=PROPERTY_DEFINITION_REPRESENTATION(#4630,#4634);
#4636=PROPERTY_DEFINITION('DIMSPC','user defined attribute',#4168);
#4640=REPRESENTATION('',(#4639),#4151);
#4641=PROPERTY_DEFINITION_REPRESENTATION(#4636,#4640);
#4642=PROPERTY_DEFINITION('NO_CLIENT','user defined attribute',#4168);
#4646=REPRESENTATION('',(#4645),#4151);
#4647=PROPERTY_DEFINITION_REPRESENTATION(#4642,#4646);
#4648=PROPERTY_DEFINITION('NO_ETUDE','user defined attribute',#4168);
#4652=REPRESENTATION('',(#4651),#4151);
#4653=PROPERTY_DEFINITION_REPRESENTATION(#4648,#4652);
#4654=PROPERTY_DEFINITION('NO_FAMILLE','user defined attribute',#4168);
#4658=REPRESENTATION('',(#4657),#4151);
#4659=PROPERTY_DEFINITION_REPRESENTATION(#4654,#4658);
#4660=PROPERTY_DEFINITION('NO_POSTE','user defined attribute',#4168);
#4664=REPRESENTATION('',(#4663),#4151);
#4665=PROPERTY_DEFINITION_REPRESENTATION(#4660,#4664);
#4666=PROPERTY_DEFINITION('NOREMP','user defined attribute',#4168);
#4670=REPRESENTATION('',(#4669),#4151);
#4671=PROPERTY_DEFINITION_REPRESENTATION(#4666,#4670);
#4672=PROPERTY_DEFINITION('DRAWING_TITLE','user defined attribute',#4168);
#4676=REPRESENTATION('',(#4675),#4151);
#4677=PROPERTY_DEFINITION_REPRESENTATION(#4672,#4676);
#4678=PROPERTY_DEFINITION('DRAWING_TITLE2','user defined attribute',#4168);
#4682=REPRESENTATION('',(#4681),#4151);
#4683=PROPERTY_DEFINITION_REPRESENTATION(#4678,#4682);
#4684=PROPERTY_DEFINITION('DRAWING_NUMBER','user defined attribute',#4168);
#4688=REPRESENTATION('',(#4687),#4151);
#4689=PROPERTY_DEFINITION_REPRESENTATION(#4684,#4688);
#4690=PROPERTY_DEFINITION('PART_NUMBER','user defined attribute',#4168);
#4694=REPRESENTATION('',(#4693),#4151);
#4695=PROPERTY_DEFINITION_REPRESENTATION(#4690,#4694);
#4696=PROPERTY_DEFINITION('CUSTOMER_NUMBER','user defined attribute',#4168);
#4700=REPRESENTATION('',(#4699),#4151);
#4701=PROPERTY_DEFINITION_REPRESENTATION(#4696,#4700);
#4702=PROPERTY_DEFINITION('CUSTOMER_REV','user defined attribute',#4168);
#4706=REPRESENTATION('',(#4705),#4151);
#4707=PROPERTY_DEFINITION_REPRESENTATION(#4702,#4706);
#4708=PROPERTY_DEFINITION('DRAWN_BY','user defined attribute',#4168);
#4712=REPRESENTATION('',(#4711),#4151);
#4713=PROPERTY_DEFINITION_REPRESENTATION(#4708,#4712);
#4714=PROPERTY_DEFINITION('DRAWN_DATE','user defined attribute',#4168);
#4718=REPRESENTATION('',(#4717),#4151);
#4719=PROPERTY_DEFINITION_REPRESENTATION(#4714,#4718);
#4720=PROPERTY_DEFINITION('CHECKED_BY','user defined attribute',#4168);
#4724=REPRESENTATION('',(#4723),#4151);
#4725=PROPERTY_DEFINITION_REPRESENTATION(#4720,#4724);
#4726=PROPERTY_DEFINITION('CHECKED_DATE','user defined attribute',#4168);
#4730=REPRESENTATION('',(#4729),#4151);
#4731=PROPERTY_DEFINITION_REPRESENTATION(#4726,#4730);
#4732=PROPERTY_DEFINITION('APPRVD_BY','user defined attribute',#4168);
#4736=REPRESENTATION('',(#4735),#4151);
#4737=PROPERTY_DEFINITION_REPRESENTATION(#4732,#4736);
#4738=PROPERTY_DEFINITION('APPRVD_DATE','user defined attribute',#4168);
#4742=REPRESENTATION('',(#4741),#4151);
#4743=PROPERTY_DEFINITION_REPRESENTATION(#4738,#4742);
#4744=PROPERTY_DEFINITION('PAR_NUMBER','user defined attribute',#4168);
#4748=REPRESENTATION('',(#4747),#4151);
#4749=PROPERTY_DEFINITION_REPRESENTATION(#4744,#4748);
#4750=PROPERTY_DEFINITION('CUSTOMER_NAME','user defined attribute',#4168);
#4754=REPRESENTATION('',(#4753),#4151);
#4755=PROPERTY_DEFINITION_REPRESENTATION(#4750,#4754);
#4756=PROPERTY_DEFINITION('MODEL_NAME','user defined attribute',#4168);
#4760=REPRESENTATION('',(#4759),#4151);
#4761=PROPERTY_DEFINITION_REPRESENTATION(#4756,#4760);
#4762=PROPERTY_DEFINITION('UNIT_OF_MEAS','user defined attribute',#4168);
#4766=REPRESENTATION('',(#4765),#4151);
#4767=PROPERTY_DEFINITION_REPRESENTATION(#4762,#4766);
#4768=PROPERTY_DEFINITION('NO1_POSTE','user defined attribute',#4168);
#4772=REPRESENTATION('',(#4771),#4151);
#4773=PROPERTY_DEFINITION_REPRESENTATION(#4768,#4772);
#4774=PROPERTY_DEFINITION('EP_PCB','user defined attribute',#4168);
#4778=REPRESENTATION('',(#4777),#4151);
#4779=PROPERTY_DEFINITION_REPRESENTATION(#4774,#4778);
#4780=PROPERTY_DEFINITION('NB_COUCHE','user defined attribute',#4168);
#4784=REPRESENTATION('',(#4783),#4151);
#4785=PROPERTY_DEFINITION_REPRESENTATION(#4780,#4784);
#4786=PROPERTY_DEFINITION('NB_FACE','user defined attribute',#4168);
#4790=REPRESENTATION('',(#4789),#4151);
#4791=PROPERTY_DEFINITION_REPRESENTATION(#4786,#4790);
#4792=PROPERTY_DEFINITION('MAT_PCB','user defined attribute',#4168);
#4796=REPRESENTATION('',(#4795),#4151);
#4797=PROPERTY_DEFINITION_REPRESENTATION(#4792,#4796);
#4798=PROPERTY_DEFINITION('ROUTAGE','user defined attribute',#4168);
#4802=REPRESENTATION('',(#4801),#4151);
#4803=PROPERTY_DEFINITION_REPRESENTATION(#4798,#4802);
#4804=PROPERTY_DEFINITION('SCHEMA_LABO','user defined attribute',#4168);
#4808=REPRESENTATION('',(#4807),#4151);
#4809=PROPERTY_DEFINITION_REPRESENTATION(#4804,#4808);
#4810=PROPERTY_DEFINITION('NOM_LABO','user defined attribute',#4168);
#4814=REPRESENTATION('',(#4813),#4151);
#4815=PROPERTY_DEFINITION_REPRESENTATION(#4810,#4814);
#4816=PROPERTY_DEFINITION('FABRIQUANT','user defined attribute',#4168);
#4820=REPRESENTATION('',(#4819),#4151);
#4821=PROPERTY_DEFINITION_REPRESENTATION(#4816,#4820);
#4822=PROPERTY_DEFINITION('PLANCHE','user defined attribute',#4168);
#4826=REPRESENTATION('',(#4825),#4151);
#4827=PROPERTY_DEFINITION_REPRESENTATION(#4822,#4826);
#4828=PROPERTY_DEFINITION('DIMCTQ','user defined attribute',#4168);
#4832=REPRESENTATION('',(#4831),#4151);
#4833=PROPERTY_DEFINITION_REPRESENTATION(#4828,#4832);
#4834=PROPERTY_DEFINITION('PDMREV','user defined attribute',#4168);
#4838=REPRESENTATION('',(#4837),#4151);
#4839=PROPERTY_DEFINITION_REPRESENTATION(#4834,#4838);
#4840=PROPERTY_DEFINITION('PDMDB','user defined attribute',#4168);
#4844=REPRESENTATION('',(#4843),#4151);
#4845=PROPERTY_DEFINITION_REPRESENTATION(#4840,#4844);
#4846=PROPERTY_DEFINITION('PDMRL','user defined attribute',#4168);
#4850=REPRESENTATION('',(#4849),#4151);
#4851=PROPERTY_DEFINITION_REPRESENTATION(#4846,#4850);
#4852=PROPERTY_DEFINITION('PROI_REVISION','user defined attribute',#4168);
#4856=REPRESENTATION('',(#4855),#4151);
#4857=PROPERTY_DEFINITION_REPRESENTATION(#4852,#4856);
#4858=PROPERTY_DEFINITION('PROI_VERSION','user defined attribute',#4168);
#4862=REPRESENTATION('',(#4861),#4151);
#4863=PROPERTY_DEFINITION_REPRESENTATION(#4858,#4862);
#4864=PROPERTY_DEFINITION('PROI_BRANCH','user defined attribute',#4168);
#4868=REPRESENTATION('',(#4867),#4151);
#4869=PROPERTY_DEFINITION_REPRESENTATION(#4864,#4868);
#4870=PROPERTY_DEFINITION('PROI_RELEASE','user defined attribute',#4168);
#4874=REPRESENTATION('',(#4873),#4151);
#4875=PROPERTY_DEFINITION_REPRESENTATION(#4870,#4874);
#4876=PROPERTY_DEFINITION('PTC_MODIFIED','user defined attribute',#4168);
#4880=REPRESENTATION('',(#4879),#4151);
#4881=PROPERTY_DEFINITION_REPRESENTATION(#4876,#4880);
#4883=REPRESENTATION('',(#4882),#4151);
#4884=PROPERTY_DEFINITION('attribute type designation','Yes No',#4877);
#4885=PROPERTY_DEFINITION_REPRESENTATION(#4884,#4883);
#4886=PROPERTY_DEFINITION('PROI_CREATED_BY','user defined attribute',#4168);
#4890=REPRESENTATION('',(#4889),#4151);
#4891=PROPERTY_DEFINITION_REPRESENTATION(#4886,#4890);
#4892=PROPERTY_DEFINITION('PROI_CREATED_ON','user defined attribute',#4168);
#4896=REPRESENTATION('',(#4895),#4151);
#4897=PROPERTY_DEFINITION_REPRESENTATION(#4892,#4896);
#4898=PROPERTY_DEFINITION('PROI_LOCATION','user defined attribute',#4168);
#4902=REPRESENTATION('',(#4901),#4151);
#4903=PROPERTY_DEFINITION_REPRESENTATION(#4898,#4902);
#4904=PROPERTY_DEFINITION('ERSTELLER','user defined attribute',#4168);
#4908=REPRESENTATION('',(#4907),#4151);
#4909=PROPERTY_DEFINITION_REPRESENTATION(#4904,#4908);
#4910=PROPERTY_DEFINITION('LANGAGE','user defined attribute',#4168);
#4914=REPRESENTATION('',(#4913),#4151);
#4915=PROPERTY_DEFINITION_REPRESENTATION(#4910,#4914);
#4916=PROPERTY_DEFINITION('PTC_ORGANIZATION_ID','user defined attribute',#4168);
#4920=REPRESENTATION('',(#4919),#4151);
#4921=PROPERTY_DEFINITION_REPRESENTATION(#4916,#4920);
#4922=PROPERTY_DEFINITION('PTC_WM_REVISION','user defined attribute',#4168);
#4926=REPRESENTATION('',(#4925),#4151);
#4927=PROPERTY_DEFINITION_REPRESENTATION(#4922,#4926);
#4928=PROPERTY_DEFINITION('PTC_WM_ITERATION','user defined attribute',#4168);
#4932=REPRESENTATION('',(#4931),#4151);
#4933=PROPERTY_DEFINITION_REPRESENTATION(#4928,#4932);
#4934=PROPERTY_DEFINITION('PTC_WM_VERSION','user defined attribute',#4168);
#4938=REPRESENTATION('',(#4937),#4151);
#4939=PROPERTY_DEFINITION_REPRESENTATION(#4934,#4938);
#4940=PROPERTY_DEFINITION('PTC_WM_LIFECYCLE_STATE','user defined attribute',
#4168);
#4944=REPRESENTATION('',(#4943),#4151);
#4945=PROPERTY_DEFINITION_REPRESENTATION(#4940,#4944);
#4946=PROPERTY_DEFINITION('PTC_WM_LIFECYCLE','user defined attribute',#4168);
#4950=REPRESENTATION('',(#4949),#4151);
#4951=PROPERTY_DEFINITION_REPRESENTATION(#4946,#4950);
#4952=PROPERTY_DEFINITION('PTC_WM_LOCATION','user defined attribute',#4168);
#4956=REPRESENTATION('',(#4955),#4151);
#4957=PROPERTY_DEFINITION_REPRESENTATION(#4952,#4956);
#4958=PROPERTY_DEFINITION('PTC_WM_CREATED_BY','user defined attribute',#4168);
#4962=REPRESENTATION('',(#4961),#4151);
#4963=PROPERTY_DEFINITION_REPRESENTATION(#4958,#4962);
#4964=PROPERTY_DEFINITION('PTC_WM_CREATED_ON','user defined attribute',#4168);
#4968=REPRESENTATION('',(#4967),#4151);
#4969=PROPERTY_DEFINITION_REPRESENTATION(#4964,#4968);
#4970=PROPERTY_DEFINITION('PTC_WM_MODIFIED_BY','user defined attribute',#4168);
#4974=REPRESENTATION('',(#4973),#4151);
#4975=PROPERTY_DEFINITION_REPRESENTATION(#4970,#4974);
#4976=PROPERTY_DEFINITION('PTC_WM_MODIFIED_ON','user defined attribute',#4168);
#4980=REPRESENTATION('',(#4979),#4151);
#4981=PROPERTY_DEFINITION_REPRESENTATION(#4976,#4980);
#4982=PROPERTY_DEFINITION('PTC_WM_TEAM','user defined attribute',#4168);
#4986=REPRESENTATION('',(#4985),#4151);
#4987=PROPERTY_DEFINITION_REPRESENTATION(#4982,#4986);
#4988=PROPERTY_DEFINITION('REFERENCE','user defined attribute',#4168);
#4992=REPRESENTATION('',(#4991),#4151);
#4993=PROPERTY_DEFINITION_REPRESENTATION(#4988,#4992);
#4994=PROPERTY_DEFINITION('NO_MACHINE','user defined attribute',#4168);
#4998=REPRESENTATION('',(#4997),#4151);
#4999=PROPERTY_DEFINITION_REPRESENTATION(#4994,#4998);
#5000=PROPERTY_DEFINITION('VAR_POSTE','user defined attribute',#4168);
#5004=REPRESENTATION('',(#5003),#4151);
#5005=PROPERTY_DEFINITION_REPRESENTATION(#5000,#5004);
#5006=PROPERTY_DEFINITION('PTC_WM_NAME','user defined attribute',#4168);
#5010=REPRESENTATION('',(#5009),#4151);
#5011=PROPERTY_DEFINITION_REPRESENTATION(#5006,#5010);
#5012=PROPERTY_DEFINITION('PTC_WM_NUMBER','user defined attribute',#4168);
#5016=REPRESENTATION('',(#5015),#4151);
#5017=PROPERTY_DEFINITION_REPRESENTATION(#5012,#5016);
#5018=PROPERTY_DEFINITION('PTC_VAL_IMP_SCORE','user defined attribute',#4168);
#5022=REPRESENTATION('',(#5021),#4151);
#5023=PROPERTY_DEFINITION_REPRESENTATION(#5018,#5022);
#5024=PROPERTY_DEFINITION('PTC_MP_IMP_VOLUME','user defined attribute',#4168);
#5028=REPRESENTATION('',(#5027),#4151);
#5029=PROPERTY_DEFINITION_REPRESENTATION(#5024,#5028);
#5031=REPRESENTATION('',(#5030),#4151);
#5032=PROPERTY_DEFINITION('attribute type designation','Real Number',#5025);
#5033=PROPERTY_DEFINITION_REPRESENTATION(#5032,#5031);
#5034=PROPERTY_DEFINITION('PTC_MP_IMP_AREA','user defined attribute',#4168);
#5038=REPRESENTATION('',(#5037),#4151);
#5039=PROPERTY_DEFINITION_REPRESENTATION(#5034,#5038);
#5041=REPRESENTATION('',(#5040),#4151);
#5042=PROPERTY_DEFINITION('attribute type designation','Real Number',#5035);
#5043=PROPERTY_DEFINITION_REPRESENTATION(#5042,#5041);
#5044=PROPERTY_DEFINITION('PTC_MP_IMP_COGX','user defined attribute',#4168);
#5048=REPRESENTATION('',(#5047),#4151);
#5049=PROPERTY_DEFINITION_REPRESENTATION(#5044,#5048);
#5051=REPRESENTATION('',(#5050),#4151);
#5052=PROPERTY_DEFINITION('attribute type designation','Real Number',#5045);
#5053=PROPERTY_DEFINITION_REPRESENTATION(#5052,#5051);
#5054=PROPERTY_DEFINITION('PTC_MP_IMP_COGY','user defined attribute',#4168);
#5058=REPRESENTATION('',(#5057),#4151);
#5059=PROPERTY_DEFINITION_REPRESENTATION(#5054,#5058);
#5061=REPRESENTATION('',(#5060),#4151);
#5062=PROPERTY_DEFINITION('attribute type designation','Real Number',#5055);
#5063=PROPERTY_DEFINITION_REPRESENTATION(#5062,#5061);
#5064=PROPERTY_DEFINITION('PTC_MP_IMP_COGZ','user defined attribute',#4168);
#5068=REPRESENTATION('',(#5067),#4151);
#5069=PROPERTY_DEFINITION_REPRESENTATION(#5064,#5068);
#5071=REPRESENTATION('',(#5070),#4151);
#5072=PROPERTY_DEFINITION('attribute type designation','Real Number',#5065);
#5073=PROPERTY_DEFINITION_REPRESENTATION(#5072,#5071);
#5074=PROPERTY_DEFINITION('PTC_MP_VAL_IMP_VOLUME','user defined attribute',
#4168);
#5077=(LENGTH_UNIT()NAMED_UNIT(*)SI_UNIT(.MILLI.,.METRE.));
#5081=REPRESENTATION('',(#5080),#4151);
#5082=PROPERTY_DEFINITION_REPRESENTATION(#5074,#5081);
#5083=PROPERTY_DEFINITION('PTC_MP_VAL_IMP_AREA','user defined attribute',#4168);
#5086=(LENGTH_UNIT()NAMED_UNIT(*)SI_UNIT(.MILLI.,.METRE.));
#5090=REPRESENTATION('',(#5089),#4151);
#5091=PROPERTY_DEFINITION_REPRESENTATION(#5083,#5090);
#5092=PROPERTY_DEFINITION('PTC_MP_VAL_IMP_COGX','user defined attribute',#4168);
#5095=(LENGTH_UNIT()NAMED_UNIT(*)SI_UNIT(.MILLI.,.METRE.));
#5097=REPRESENTATION('',(#5096),#4151);
#5098=PROPERTY_DEFINITION_REPRESENTATION(#5092,#5097);
#5099=PROPERTY_DEFINITION('PTC_MP_VAL_IMP_COGY','user defined attribute',#4168);
#5102=(LENGTH_UNIT()NAMED_UNIT(*)SI_UNIT(.MILLI.,.METRE.));
#5104=REPRESENTATION('',(#5103),#4151);
#5105=PROPERTY_DEFINITION_REPRESENTATION(#5099,#5104);
#5106=PROPERTY_DEFINITION('PTC_MP_VAL_IMP_COGZ','user defined attribute',#4168);
#5109=(LENGTH_UNIT()NAMED_UNIT(*)SI_UNIT(.MILLI.,.METRE.));
#5111=REPRESENTATION('',(#5110),#4151);
#5112=PROPERTY_DEFINITION_REPRESENTATION(#5106,#5111);
#5113=PROPERTY_DEFINITION('PTC_COMMON_NAME','user defined attribute',#4168);
#5117=REPRESENTATION('',(#5116),#4151);
#5118=PROPERTY_DEFINITION_REPRESENTATION(#5113,#5117);
ENDSEC;
END-ISO-10303-21;
